SKU,Product Title,Alibaba Category,Collection,Brief Description,Available Sizes,Material,Certifications,Unit Price – 1–9 units (USD FOB),Unit Price – 10–99 units (USD FOB),Unit Price – 100+ units (USD FOB),Minimum Order Quantity,Supply Ability (per month),Lead Time,Place of Origin,Brand,Port of Export,Payment Terms,Packaging,Product Image URL,Product Page URL,Keywords
LS-PALM-QP-ROUND-5FT,Commercial Artificial Queen Palm Tree — Round Pot – 5 ft,Artificial Plant & Flower/Artificial Trees/Artificial Palm Trees,Artificial Palm Trees,"Premium artificial Queen Palm purpose-built for hotel lobbies, resort pool areas and commercial atriums. Botanical-specimen PE fronds, individually hand-positioned for natural drape. A special-order NFPA 701 option is available for select configurations; documentation is tied to the project or order.",5 ft,"Injection-moulded PE foliage, steel armature, fibreglass trunk, round ceramic-look pot","Special-order options for select products: NFPA 701, EN 13501, GB 8624 B1; confirm availability for the product and order",129.00,103.00,80.00,1,2000 pcs/month,15–30 days,"Dongguan, Guangdong, China",LaySun,Guangzhou / Shenzhen,Bank wire transfer (T/T); other methods confirmed in writing,Individual export carton with foam padding; custom branding available,https://laysun.co/images/prod-palm-queen-round.webp,https://laysun.co/artificial-palm-trees,"artificial queen palm tree, commercial artificial palm, hotel lobby palm, fake palm indoor, NFPA 701 palm tree"
LS-PALM-QP-ROUND-6FT,Commercial Artificial Queen Palm Tree — Round Pot – 6 ft,Artificial Plant & Flower/Artificial Trees/Artificial Palm Trees,Artificial Palm Trees,"Premium artificial Queen Palm purpose-built for hotel lobbies, resort pool areas and commercial atriums. Botanical-specimen PE fronds, individually hand-positioned for natural drape. A special-order NFPA 701 option is available for select configurations; documentation is tied to the project or order.",6 ft,"Injection-moulded PE foliage, steel armature, fibreglass trunk, round ceramic-look pot","Special-order options for select products: NFPA 701, EN 13501, GB 8624 B1; confirm availability for the product and order",129.00,103.00,80.00,1,2000 pcs/month,15–30 days,"Dongguan, Guangdong, China",LaySun,Guangzhou / Shenzhen,Bank wire transfer (T/T); other methods confirmed in writing,Individual export carton with foam padding; custom branding available,https://laysun.co/images/prod-palm-queen-round.webp,https://laysun.co/artificial-palm-trees,"artificial queen palm tree, commercial artificial palm, hotel lobby palm, fake palm indoor, NFPA 701 palm tree"
LS-PALM-QP-ROUND-7FT,Commercial Artificial Queen Palm Tree — Round Pot – 7 ft,Artificial Plant & Flower/Artificial Trees/Artificial Palm Trees,Artificial Palm Trees,"Premium artificial Queen Palm purpose-built for hotel lobbies, resort pool areas and commercial atriums. Botanical-specimen PE fronds, individually hand-positioned for natural drape. A special-order NFPA 701 option is available for select configurations; documentation is tied to the project or order.",7 ft,"Injection-moulded PE foliage, steel armature, fibreglass trunk, round ceramic-look pot","Special-order options for select products: NFPA 701, EN 13501, GB 8624 B1; confirm availability for the product and order",129.00,103.00,80.00,1,2000 pcs/month,15–30 days,"Dongguan, Guangdong, China",LaySun,Guangzhou / Shenzhen,Bank wire transfer (T/T); other methods confirmed in writing,Individual export carton with foam padding; custom branding available,https://laysun.co/images/prod-palm-queen-round.webp,https://laysun.co/artificial-palm-trees,"artificial queen palm tree, commercial artificial palm, hotel lobby palm, fake palm indoor, NFPA 701 palm tree"
LS-PALM-QP-WHITE-4FT,Commercial Artificial Queen Palm Tree — White Pot – 4 ft,Artificial Plant & Flower/Artificial Trees/Artificial Palm Trees,Artificial Palm Trees,Contemporary white-pot Queen Palm for minimalist hotel lobbies and corporate reception areas. Same premium PE foliage and steel armature as our classic round-pot model. Special-order NFPA 701 option available for select configurations.,4 ft,"Injection-moulded PE foliage, steel armature, fibreglass trunk, white ceramic-look pot","Special-order options for select products: NFPA 701, EN 13501, GB 8624 B1; confirm availability for the product and order",119.00,95.00,74.00,1,2000 pcs/month,15–30 days,"Dongguan, Guangdong, China",LaySun,Guangzhou / Shenzhen,Bank wire transfer (T/T); other methods confirmed in writing,Individual export carton with foam padding; custom branding available,https://laysun.co/images/prod-palm-queen-white.webp,https://laysun.co/artificial-palm-trees,"artificial queen palm white pot, contemporary artificial palm, minimalist palm tree, office lobby palm"
LS-PALM-QP-WHITE-5FT,Commercial Artificial Queen Palm Tree — White Pot – 5 ft,Artificial Plant & Flower/Artificial Trees/Artificial Palm Trees,Artificial Palm Trees,Contemporary white-pot Queen Palm for minimalist hotel lobbies and corporate reception areas. Same premium PE foliage and steel armature as our classic round-pot model. Special-order NFPA 701 option available for select configurations.,5 ft,"Injection-moulded PE foliage, steel armature, fibreglass trunk, white ceramic-look pot","Special-order options for select products: NFPA 701, EN 13501, GB 8624 B1; confirm availability for the product and order",119.00,95.00,74.00,1,2000 pcs/month,15–30 days,"Dongguan, Guangdong, China",LaySun,Guangzhou / Shenzhen,Bank wire transfer (T/T); other methods confirmed in writing,Individual export carton with foam padding; custom branding available,https://laysun.co/images/prod-palm-queen-white.webp,https://laysun.co/artificial-palm-trees,"artificial queen palm white pot, contemporary artificial palm, minimalist palm tree, office lobby palm"
LS-PALM-QP-WHITE-6FT,Commercial Artificial Queen Palm Tree — White Pot – 6 ft,Artificial Plant & Flower/Artificial Trees/Artificial Palm Trees,Artificial Palm Trees,Contemporary white-pot Queen Palm for minimalist hotel lobbies and corporate reception areas. Same premium PE foliage and steel armature as our classic round-pot model. Special-order NFPA 701 option available for select configurations.,6 ft,"Injection-moulded PE foliage, steel armature, fibreglass trunk, white ceramic-look pot","Special-order options for select products: NFPA 701, EN 13501, GB 8624 B1; confirm availability for the product and order",119.00,95.00,74.00,1,2000 pcs/month,15–30 days,"Dongguan, Guangdong, China",LaySun,Guangzhou / Shenzhen,Bank wire transfer (T/T); other methods confirmed in writing,Individual export carton with foam padding; custom branding available,https://laysun.co/images/prod-palm-queen-white.webp,https://laysun.co/artificial-palm-trees,"artificial queen palm white pot, contemporary artificial palm, minimalist palm tree, office lobby palm"
LS-PALM-FAN-SINGLE-7FT,Commercial Artificial Single-trunk Fan Palm Tree – 7 ft,Artificial Plant & Flower/Artificial Trees/Artificial Palm Trees,Artificial Palm Trees,"Large-format single-trunk fan palm for double-height atriums, airport lounges, casino floors and shopping centre food courts. Available 7–10 ft with UV-stabilised PE foliage for outdoor pool deck applications. Special-order NFPA 701 option available for select configurations.",7 ft,"PE fan fronds, steel armature, textured fibreglass trunk, weighted planter base","Special-order options for select products: NFPA 701, EN 13501, GB 8624 B1; confirm availability for the product and order",199.00,159.00,122.00,1,2000 pcs/month,20–35 days,"Dongguan, Guangdong, China",LaySun,Guangzhou / Shenzhen,Bank wire transfer (T/T); other methods confirmed in writing,Individual export carton with foam padding; custom branding available,https://laysun.co/images/prod-palm-fan-single.webp,https://laysun.co/artificial-palm-trees,"artificial fan palm tree, large indoor palm, washingtonia palm artificial, 10ft artificial palm, commercial fan palm"
LS-PALM-FAN-SINGLE-8FT,Commercial Artificial Single-trunk Fan Palm Tree – 8 ft,Artificial Plant & Flower/Artificial Trees/Artificial Palm Trees,Artificial Palm Trees,"Large-format single-trunk fan palm for double-height atriums, airport lounges, casino floors and shopping centre food courts. Available 7–10 ft with UV-stabilised PE foliage for outdoor pool deck applications. Special-order NFPA 701 option available for select configurations.",8 ft,"PE fan fronds, steel armature, textured fibreglass trunk, weighted planter base","Special-order options for select products: NFPA 701, EN 13501, GB 8624 B1; confirm availability for the product and order",199.00,159.00,122.00,1,2000 pcs/month,20–35 days,"Dongguan, Guangdong, China",LaySun,Guangzhou / Shenzhen,Bank wire transfer (T/T); other methods confirmed in writing,Individual export carton with foam padding; custom branding available,https://laysun.co/images/prod-palm-fan-single.webp,https://laysun.co/artificial-palm-trees,"artificial fan palm tree, large indoor palm, washingtonia palm artificial, 10ft artificial palm, commercial fan palm"
LS-PALM-FAN-SINGLE-9FT,Commercial Artificial Single-trunk Fan Palm Tree – 9 ft,Artificial Plant & Flower/Artificial Trees/Artificial Palm Trees,Artificial Palm Trees,"Large-format single-trunk fan palm for double-height atriums, airport lounges, casino floors and shopping centre food courts. Available 7–10 ft with UV-stabilised PE foliage for outdoor pool deck applications. Special-order NFPA 701 option available for select configurations.",9 ft,"PE fan fronds, steel armature, textured fibreglass trunk, weighted planter base","Special-order options for select products: NFPA 701, EN 13501, GB 8624 B1; confirm availability for the product and order",199.00,159.00,122.00,1,2000 pcs/month,20–35 days,"Dongguan, Guangdong, China",LaySun,Guangzhou / Shenzhen,Bank wire transfer (T/T); other methods confirmed in writing,Individual export carton with foam padding; custom branding available,https://laysun.co/images/prod-palm-fan-single.webp,https://laysun.co/artificial-palm-trees,"artificial fan palm tree, large indoor palm, washingtonia palm artificial, 10ft artificial palm, commercial fan palm"
LS-PALM-FAN-SINGLE-10FT,Commercial Artificial Single-trunk Fan Palm Tree – 10 ft,Artificial Plant & Flower/Artificial Trees/Artificial Palm Trees,Artificial Palm Trees,"Large-format single-trunk fan palm for double-height atriums, airport lounges, casino floors and shopping centre food courts. Available 7–10 ft with UV-stabilised PE foliage for outdoor pool deck applications. Special-order NFPA 701 option available for select configurations.",10 ft,"PE fan fronds, steel armature, textured fibreglass trunk, weighted planter base","Special-order options for select products: NFPA 701, EN 13501, GB 8624 B1; confirm availability for the product and order",199.00,159.00,122.00,1,2000 pcs/month,20–35 days,"Dongguan, Guangdong, China",LaySun,Guangzhou / Shenzhen,Bank wire transfer (T/T); other methods confirmed in writing,Individual export carton with foam padding; custom branding available,https://laysun.co/images/prod-palm-fan-single.webp,https://laysun.co/artificial-palm-trees,"artificial fan palm tree, large indoor palm, washingtonia palm artificial, 10ft artificial palm, commercial fan palm"
LS-PALM-FAN-DOUBLE-8FT,Commercial Artificial Double-trunk Fan Palm Tree – 8 ft,Artificial Plant & Flower/Artificial Trees/Artificial Palm Trees,Artificial Palm Trees,"Statement double-trunk fan palm for landmark hospitality installations — resort lobbies, casino atriums, luxury retail. Dual-trunk configuration adds dramatic visual impact at 8–9 ft. Special-order NFPA 701 option available for select configurations.",8 ft,"PE fan fronds, dual steel armature cores, textured fibreglass trunks, weighted base","Special-order options for select products: NFPA 701, EN 13501, GB 8624 B1; confirm availability for the product and order",269.00,215.00,166.00,1,2000 pcs/month,20–35 days,"Dongguan, Guangdong, China",LaySun,Guangzhou / Shenzhen,Bank wire transfer (T/T); other methods confirmed in writing,Individual export carton with foam padding; custom branding available,https://laysun.co/images/prod-palm-fan-double.webp,https://laysun.co/artificial-palm-trees,"double trunk artificial palm, twin trunk palm tree, large commercial palm, resort lobby palm"
LS-PALM-FAN-DOUBLE-9FT,Commercial Artificial Double-trunk Fan Palm Tree – 9 ft,Artificial Plant & Flower/Artificial Trees/Artificial Palm Trees,Artificial Palm Trees,"Statement double-trunk fan palm for landmark hospitality installations — resort lobbies, casino atriums, luxury retail. Dual-trunk configuration adds dramatic visual impact at 8–9 ft. Special-order NFPA 701 option available for select configurations.",9 ft,"PE fan fronds, dual steel armature cores, textured fibreglass trunks, weighted base","Special-order options for select products: NFPA 701, EN 13501, GB 8624 B1; confirm availability for the product and order",269.00,215.00,166.00,1,2000 pcs/month,20–35 days,"Dongguan, Guangdong, China",LaySun,Guangzhou / Shenzhen,Bank wire transfer (T/T); other methods confirmed in writing,Individual export carton with foam padding; custom branding available,https://laysun.co/images/prod-palm-fan-double.webp,https://laysun.co/artificial-palm-trees,"double trunk artificial palm, twin trunk palm tree, large commercial palm, resort lobby palm"
LS-OLIVE-LS-NEW-4FT,LS New Style Commercial Artificial Olive Tree – 4 ft,Artificial Plant & Flower/Artificial Trees/Artificial Olive Trees,Artificial Olive Trees,"LaySun's flagship 2025 olive tree design with dense natural canopy and realistic gnarled trunk. Ideal for hotel lobbies, restaurant entrances and retail spaces. A special-order NFPA 701 option is available for select configurations.",4 ft,"PE foliage with silk olive leaves, steel wire branches, fibreglass trunk, pot included","Special-order options for select products: NFPA 701, EN 13501, GB 8624 B1; confirm availability for the product and order",89.00,71.00,55.00,1,2000 pcs/month,15–25 days,"Dongguan, Guangdong, China",LaySun,Guangzhou / Shenzhen,Bank wire transfer (T/T); other methods confirmed in writing,Individual export carton with foam padding; custom branding available,https://laysun.co/images/prod-olive-ls-new.webp,https://laysun.co/artificial-olive-trees,"artificial olive tree commercial, fake olive tree indoor, hotel olive tree, restaurant olive tree, NFPA 701 olive tree"
LS-OLIVE-LS-NEW-5FT,LS New Style Commercial Artificial Olive Tree – 5 ft,Artificial Plant & Flower/Artificial Trees/Artificial Olive Trees,Artificial Olive Trees,"LaySun's flagship 2025 olive tree design with dense natural canopy and realistic gnarled trunk. Ideal for hotel lobbies, restaurant entrances and retail spaces. A special-order NFPA 701 option is available for select configurations.",5 ft,"PE foliage with silk olive leaves, steel wire branches, fibreglass trunk, pot included","Special-order options for select products: NFPA 701, EN 13501, GB 8624 B1; confirm availability for the product and order",89.00,71.00,55.00,1,2000 pcs/month,15–25 days,"Dongguan, Guangdong, China",LaySun,Guangzhou / Shenzhen,Bank wire transfer (T/T); other methods confirmed in writing,Individual export carton with foam padding; custom branding available,https://laysun.co/images/prod-olive-ls-new.webp,https://laysun.co/artificial-olive-trees,"artificial olive tree commercial, fake olive tree indoor, hotel olive tree, restaurant olive tree, NFPA 701 olive tree"
LS-OLIVE-LS-NEW-6FT,LS New Style Commercial Artificial Olive Tree – 6 ft,Artificial Plant & Flower/Artificial Trees/Artificial Olive Trees,Artificial Olive Trees,"LaySun's flagship 2025 olive tree design with dense natural canopy and realistic gnarled trunk. Ideal for hotel lobbies, restaurant entrances and retail spaces. A special-order NFPA 701 option is available for select configurations.",6 ft,"PE foliage with silk olive leaves, steel wire branches, fibreglass trunk, pot included","Special-order options for select products: NFPA 701, EN 13501, GB 8624 B1; confirm availability for the product and order",89.00,71.00,55.00,1,2000 pcs/month,15–25 days,"Dongguan, Guangdong, China",LaySun,Guangzhou / Shenzhen,Bank wire transfer (T/T); other methods confirmed in writing,Individual export carton with foam padding; custom branding available,https://laysun.co/images/prod-olive-ls-new.webp,https://laysun.co/artificial-olive-trees,"artificial olive tree commercial, fake olive tree indoor, hotel olive tree, restaurant olive tree, NFPA 701 olive tree"
LS-OLIVE-LS-NEW-7FT,LS New Style Commercial Artificial Olive Tree – 7 ft,Artificial Plant & Flower/Artificial Trees/Artificial Olive Trees,Artificial Olive Trees,"LaySun's flagship 2025 olive tree design with dense natural canopy and realistic gnarled trunk. Ideal for hotel lobbies, restaurant entrances and retail spaces. A special-order NFPA 701 option is available for select configurations.",7 ft,"PE foliage with silk olive leaves, steel wire branches, fibreglass trunk, pot included","Special-order options for select products: NFPA 701, EN 13501, GB 8624 B1; confirm availability for the product and order",89.00,71.00,55.00,1,2000 pcs/month,15–25 days,"Dongguan, Guangdong, China",LaySun,Guangzhou / Shenzhen,Bank wire transfer (T/T); other methods confirmed in writing,Individual export carton with foam padding; custom branding available,https://laysun.co/images/prod-olive-ls-new.webp,https://laysun.co/artificial-olive-trees,"artificial olive tree commercial, fake olive tree indoor, hotel olive tree, restaurant olive tree, NFPA 701 olive tree"
LS-OLIVE-WOOD-TRUNK-4FT,LS Real Wood Trunk Artificial Olive Tree – 4 ft,Artificial Plant & Flower/Artificial Trees/Artificial Olive Trees,Artificial Olive Trees,Authentic real wood trunk gives unmatched realism for high-end hospitality and luxury retail. Natural dried and preserved timber trunk with PE olive foliage. Popular for boutique hotels and designer interiors.,4 ft,"PE foliage, natural preserved wood trunk, steel wire branches, decorative pot","Special-order options for select products: NFPA 701, EN 13501, GB 8624 B1; confirm availability for the product and order",115.00,92.00,71.00,1,2000 pcs/month,20–30 days,"Dongguan, Guangdong, China",LaySun,Guangzhou / Shenzhen,Bank wire transfer (T/T); other methods confirmed in writing,Individual export carton with foam padding; custom branding available,https://laysun.co/images/prod-olive-ls-wood-trunk.webp,https://laysun.co/artificial-olive-trees,"real wood trunk artificial olive tree, authentic olive tree fake, luxury artificial olive tree, preserved wood trunk tree"
LS-OLIVE-WOOD-TRUNK-5FT,LS Real Wood Trunk Artificial Olive Tree – 5 ft,Artificial Plant & Flower/Artificial Trees/Artificial Olive Trees,Artificial Olive Trees,Authentic real wood trunk gives unmatched realism for high-end hospitality and luxury retail. Natural dried and preserved timber trunk with PE olive foliage. Popular for boutique hotels and designer interiors.,5 ft,"PE foliage, natural preserved wood trunk, steel wire branches, decorative pot","Special-order options for select products: NFPA 701, EN 13501, GB 8624 B1; confirm availability for the product and order",115.00,92.00,71.00,1,2000 pcs/month,20–30 days,"Dongguan, Guangdong, China",LaySun,Guangzhou / Shenzhen,Bank wire transfer (T/T); other methods confirmed in writing,Individual export carton with foam padding; custom branding available,https://laysun.co/images/prod-olive-ls-wood-trunk.webp,https://laysun.co/artificial-olive-trees,"real wood trunk artificial olive tree, authentic olive tree fake, luxury artificial olive tree, preserved wood trunk tree"
LS-OLIVE-WOOD-TRUNK-6FT,LS Real Wood Trunk Artificial Olive Tree – 6 ft,Artificial Plant & Flower/Artificial Trees/Artificial Olive Trees,Artificial Olive Trees,Authentic real wood trunk gives unmatched realism for high-end hospitality and luxury retail. Natural dried and preserved timber trunk with PE olive foliage. Popular for boutique hotels and designer interiors.,6 ft,"PE foliage, natural preserved wood trunk, steel wire branches, decorative pot","Special-order options for select products: NFPA 701, EN 13501, GB 8624 B1; confirm availability for the product and order",115.00,92.00,71.00,1,2000 pcs/month,20–30 days,"Dongguan, Guangdong, China",LaySun,Guangzhou / Shenzhen,Bank wire transfer (T/T); other methods confirmed in writing,Individual export carton with foam padding; custom branding available,https://laysun.co/images/prod-olive-ls-wood-trunk.webp,https://laysun.co/artificial-olive-trees,"real wood trunk artificial olive tree, authentic olive tree fake, luxury artificial olive tree, preserved wood trunk tree"
LS-OLIVE-WOOD-TRUNK-7FT,LS Real Wood Trunk Artificial Olive Tree – 7 ft,Artificial Plant & Flower/Artificial Trees/Artificial Olive Trees,Artificial Olive Trees,Authentic real wood trunk gives unmatched realism for high-end hospitality and luxury retail. Natural dried and preserved timber trunk with PE olive foliage. Popular for boutique hotels and designer interiors.,7 ft,"PE foliage, natural preserved wood trunk, steel wire branches, decorative pot","Special-order options for select products: NFPA 701, EN 13501, GB 8624 B1; confirm availability for the product and order",115.00,92.00,71.00,1,2000 pcs/month,20–30 days,"Dongguan, Guangdong, China",LaySun,Guangzhou / Shenzhen,Bank wire transfer (T/T); other methods confirmed in writing,Individual export carton with foam padding; custom branding available,https://laysun.co/images/prod-olive-ls-wood-trunk.webp,https://laysun.co/artificial-olive-trees,"real wood trunk artificial olive tree, authentic olive tree fake, luxury artificial olive tree, preserved wood trunk tree"
LS-OLIVE-WOOD-TRUNK-8FT,LS Real Wood Trunk Artificial Olive Tree – 8 ft,Artificial Plant & Flower/Artificial Trees/Artificial Olive Trees,Artificial Olive Trees,Authentic real wood trunk gives unmatched realism for high-end hospitality and luxury retail. Natural dried and preserved timber trunk with PE olive foliage. Popular for boutique hotels and designer interiors.,8 ft,"PE foliage, natural preserved wood trunk, steel wire branches, decorative pot","Special-order options for select products: NFPA 701, EN 13501, GB 8624 B1; confirm availability for the product and order",115.00,92.00,71.00,1,2000 pcs/month,20–30 days,"Dongguan, Guangdong, China",LaySun,Guangzhou / Shenzhen,Bank wire transfer (T/T); other methods confirmed in writing,Individual export carton with foam padding; custom branding available,https://laysun.co/images/prod-olive-ls-wood-trunk.webp,https://laysun.co/artificial-olive-trees,"real wood trunk artificial olive tree, authentic olive tree fake, luxury artificial olive tree, preserved wood trunk tree"
LS-OLIVE-OLD-STUMP-5FT,LS Old Stump Thick Trunk Artificial Olive Tree – 5 ft,Artificial Plant & Flower/Artificial Trees/Artificial Olive Trees,Artificial Olive Trees,Aged thick-trunk olive tree with a distinctive old-world character. Heavy stump-style base and gnarled trunk detail make this a standout piece for Mediterranean-themed hospitality and upscale dining.,5 ft,"PE foliage, thick fibreglass old-stump trunk with texture detail, heavy planter base","Special-order options for select products: NFPA 701, EN 13501, GB 8624 B1; confirm availability for the product and order",105.00,84.00,65.00,1,2000 pcs/month,20–30 days,"Dongguan, Guangdong, China",LaySun,Guangzhou / Shenzhen,Bank wire transfer (T/T); other methods confirmed in writing,Individual export carton with foam padding; custom branding available,https://laysun.co/images/prod-olive-ls-old-stump.webp,https://laysun.co/artificial-olive-trees,"old stump olive tree artificial, thick trunk olive tree, aged olive tree fake, Mediterranean artificial tree"
LS-OLIVE-OLD-STUMP-6FT,LS Old Stump Thick Trunk Artificial Olive Tree – 6 ft,Artificial Plant & Flower/Artificial Trees/Artificial Olive Trees,Artificial Olive Trees,Aged thick-trunk olive tree with a distinctive old-world character. Heavy stump-style base and gnarled trunk detail make this a standout piece for Mediterranean-themed hospitality and upscale dining.,6 ft,"PE foliage, thick fibreglass old-stump trunk with texture detail, heavy planter base","Special-order options for select products: NFPA 701, EN 13501, GB 8624 B1; confirm availability for the product and order",105.00,84.00,65.00,1,2000 pcs/month,20–30 days,"Dongguan, Guangdong, China",LaySun,Guangzhou / Shenzhen,Bank wire transfer (T/T); other methods confirmed in writing,Individual export carton with foam padding; custom branding available,https://laysun.co/images/prod-olive-ls-old-stump.webp,https://laysun.co/artificial-olive-trees,"old stump olive tree artificial, thick trunk olive tree, aged olive tree fake, Mediterranean artificial tree"
LS-OLIVE-OLD-STUMP-7FT,LS Old Stump Thick Trunk Artificial Olive Tree – 7 ft,Artificial Plant & Flower/Artificial Trees/Artificial Olive Trees,Artificial Olive Trees,Aged thick-trunk olive tree with a distinctive old-world character. Heavy stump-style base and gnarled trunk detail make this a standout piece for Mediterranean-themed hospitality and upscale dining.,7 ft,"PE foliage, thick fibreglass old-stump trunk with texture detail, heavy planter base","Special-order options for select products: NFPA 701, EN 13501, GB 8624 B1; confirm availability for the product and order",105.00,84.00,65.00,1,2000 pcs/month,20–30 days,"Dongguan, Guangdong, China",LaySun,Guangzhou / Shenzhen,Bank wire transfer (T/T); other methods confirmed in writing,Individual export carton with foam padding; custom branding available,https://laysun.co/images/prod-olive-ls-old-stump.webp,https://laysun.co/artificial-olive-trees,"old stump olive tree artificial, thick trunk olive tree, aged olive tree fake, Mediterranean artificial tree"
LS-OLIVE-OLD-STUMP-8FT,LS Old Stump Thick Trunk Artificial Olive Tree – 8 ft,Artificial Plant & Flower/Artificial Trees/Artificial Olive Trees,Artificial Olive Trees,Aged thick-trunk olive tree with a distinctive old-world character. Heavy stump-style base and gnarled trunk detail make this a standout piece for Mediterranean-themed hospitality and upscale dining.,8 ft,"PE foliage, thick fibreglass old-stump trunk with texture detail, heavy planter base","Special-order options for select products: NFPA 701, EN 13501, GB 8624 B1; confirm availability for the product and order",105.00,84.00,65.00,1,2000 pcs/month,20–30 days,"Dongguan, Guangdong, China",LaySun,Guangzhou / Shenzhen,Bank wire transfer (T/T); other methods confirmed in writing,Individual export carton with foam padding; custom branding available,https://laysun.co/images/prod-olive-ls-old-stump.webp,https://laysun.co/artificial-olive-trees,"old stump olive tree artificial, thick trunk olive tree, aged olive tree fake, Mediterranean artificial tree"
LS-OLIVE-WIDE-CANOPY-6FT,LS Wide Canopy Artificial Olive Tree – 6 ft,Artificial Plant & Flower/Artificial Trees/Artificial Olive Trees,Artificial Olive Trees,"Extra-wide canopy for spacious commercial environments — hotel atriums, airport lounges, corporate reception halls. Wide-spreading branch architecture fills large open volumes effectively.",6 ft,"Dense PE foliage, extended steel armature frame, fibreglass trunk, large planter","Special-order options for select products: NFPA 701, EN 13501, GB 8624 B1; confirm availability for the product and order",135.00,108.00,84.00,1,2000 pcs/month,20–30 days,"Dongguan, Guangdong, China",LaySun,Guangzhou / Shenzhen,Bank wire transfer (T/T); other methods confirmed in writing,Individual export carton with foam padding; custom branding available,https://laysun.co/images/prod-olive-ls-wide-canopy.webp,https://laysun.co/artificial-olive-trees,"wide canopy artificial olive tree, large olive tree fake, atrium olive tree, corporate lobby olive tree"
LS-OLIVE-WIDE-CANOPY-7FT,LS Wide Canopy Artificial Olive Tree – 7 ft,Artificial Plant & Flower/Artificial Trees/Artificial Olive Trees,Artificial Olive Trees,"Extra-wide canopy for spacious commercial environments — hotel atriums, airport lounges, corporate reception halls. Wide-spreading branch architecture fills large open volumes effectively.",7 ft,"Dense PE foliage, extended steel armature frame, fibreglass trunk, large planter","Special-order options for select products: NFPA 701, EN 13501, GB 8624 B1; confirm availability for the product and order",135.00,108.00,84.00,1,2000 pcs/month,20–30 days,"Dongguan, Guangdong, China",LaySun,Guangzhou / Shenzhen,Bank wire transfer (T/T); other methods confirmed in writing,Individual export carton with foam padding; custom branding available,https://laysun.co/images/prod-olive-ls-wide-canopy.webp,https://laysun.co/artificial-olive-trees,"wide canopy artificial olive tree, large olive tree fake, atrium olive tree, corporate lobby olive tree"
LS-OLIVE-WIDE-CANOPY-8FT,LS Wide Canopy Artificial Olive Tree – 8 ft,Artificial Plant & Flower/Artificial Trees/Artificial Olive Trees,Artificial Olive Trees,"Extra-wide canopy for spacious commercial environments — hotel atriums, airport lounges, corporate reception halls. Wide-spreading branch architecture fills large open volumes effectively.",8 ft,"Dense PE foliage, extended steel armature frame, fibreglass trunk, large planter","Special-order options for select products: NFPA 701, EN 13501, GB 8624 B1; confirm availability for the product and order",135.00,108.00,84.00,1,2000 pcs/month,20–30 days,"Dongguan, Guangdong, China",LaySun,Guangzhou / Shenzhen,Bank wire transfer (T/T); other methods confirmed in writing,Individual export carton with foam padding; custom branding available,https://laysun.co/images/prod-olive-ls-wide-canopy.webp,https://laysun.co/artificial-olive-trees,"wide canopy artificial olive tree, large olive tree fake, atrium olive tree, corporate lobby olive tree"
LS-OLIVE-WIDE-CANOPY-9FT,LS Wide Canopy Artificial Olive Tree – 9 ft,Artificial Plant & Flower/Artificial Trees/Artificial Olive Trees,Artificial Olive Trees,"Extra-wide canopy for spacious commercial environments — hotel atriums, airport lounges, corporate reception halls. Wide-spreading branch architecture fills large open volumes effectively.",9 ft,"Dense PE foliage, extended steel armature frame, fibreglass trunk, large planter","Special-order options for select products: NFPA 701, EN 13501, GB 8624 B1; confirm availability for the product and order",135.00,108.00,84.00,1,2000 pcs/month,20–30 days,"Dongguan, Guangdong, China",LaySun,Guangzhou / Shenzhen,Bank wire transfer (T/T); other methods confirmed in writing,Individual export carton with foam padding; custom branding available,https://laysun.co/images/prod-olive-ls-wide-canopy.webp,https://laysun.co/artificial-olive-trees,"wide canopy artificial olive tree, large olive tree fake, atrium olive tree, corporate lobby olive tree"
LS-OLIVE-LARGE-TREE-9FT,LS Large Tree Artificial Olive — 9–10 ft – 9 ft,Artificial Plant & Flower/Artificial Trees/Artificial Olive Trees,Artificial Olive Trees,Flagship large-format olive tree at 9–10 ft for landmark hotel lobbies and major commercial installations. Reinforced frame for stability. Custom sizing and pot finishes available on request.,9 ft,"High-density PE foliage, reinforced steel armature, large fibreglass trunk, weighted base","Special-order options for select products: NFPA 701, EN 13501, GB 8624 B1; confirm availability for the product and order",179.00,143.00,111.00,1,2000 pcs/month,25–40 days,"Dongguan, Guangdong, China",LaySun,Guangzhou / Shenzhen,Bank wire transfer (T/T); other methods confirmed in writing,Individual export carton with foam padding; custom branding available,https://laysun.co/images/prod-olive-ls-large-tree.webp,https://laysun.co/artificial-olive-trees,"large artificial olive tree 10ft, oversized fake olive tree, giant artificial tree commercial, hotel atrium tree"
LS-OLIVE-LARGE-TREE-10FT,LS Large Tree Artificial Olive — 9–10 ft – 10 ft,Artificial Plant & Flower/Artificial Trees/Artificial Olive Trees,Artificial Olive Trees,Flagship large-format olive tree at 9–10 ft for landmark hotel lobbies and major commercial installations. Reinforced frame for stability. Custom sizing and pot finishes available on request.,10 ft,"High-density PE foliage, reinforced steel armature, large fibreglass trunk, weighted base","Special-order options for select products: NFPA 701, EN 13501, GB 8624 B1; confirm availability for the product and order",179.00,143.00,111.00,1,2000 pcs/month,25–40 days,"Dongguan, Guangdong, China",LaySun,Guangzhou / Shenzhen,Bank wire transfer (T/T); other methods confirmed in writing,Individual export carton with foam padding; custom branding available,https://laysun.co/images/prod-olive-ls-large-tree.webp,https://laysun.co/artificial-olive-trees,"large artificial olive tree 10ft, oversized fake olive tree, giant artificial tree commercial, hotel atrium tree"
LS-OLIVE-MULTI-BRANCH-4FT,Multi-branch Artificial Olive Tree – 4 ft,Artificial Plant & Flower/Artificial Trees/Artificial Olive Trees,Artificial Olive Trees,"Multi-stem branching architecture for a full, lush Mediterranean silhouette. Popular for restaurant terraces, hotel courtyards and retail window displays.",4 ft,"PE foliage, multiple steel armature branches, fibreglass trunk, planter pot","Special-order options for select products: NFPA 701, EN 13501, GB 8624 B1; confirm availability for the product and order",89.00,71.00,55.00,1,2000 pcs/month,15–25 days,"Dongguan, Guangdong, China",LaySun,Guangzhou / Shenzhen,Bank wire transfer (T/T); other methods confirmed in writing,Individual export carton with foam padding; custom branding available,https://laysun.co/images/prod-olive-multi-branch.webp,https://laysun.co/artificial-olive-trees,"multi branch artificial olive tree, bush olive tree fake, full canopy olive tree, restaurant olive tree"
LS-OLIVE-MULTI-BRANCH-5FT,Multi-branch Artificial Olive Tree – 5 ft,Artificial Plant & Flower/Artificial Trees/Artificial Olive Trees,Artificial Olive Trees,"Multi-stem branching architecture for a full, lush Mediterranean silhouette. Popular for restaurant terraces, hotel courtyards and retail window displays.",5 ft,"PE foliage, multiple steel armature branches, fibreglass trunk, planter pot","Special-order options for select products: NFPA 701, EN 13501, GB 8624 B1; confirm availability for the product and order",89.00,71.00,55.00,1,2000 pcs/month,15–25 days,"Dongguan, Guangdong, China",LaySun,Guangzhou / Shenzhen,Bank wire transfer (T/T); other methods confirmed in writing,Individual export carton with foam padding; custom branding available,https://laysun.co/images/prod-olive-multi-branch.webp,https://laysun.co/artificial-olive-trees,"multi branch artificial olive tree, bush olive tree fake, full canopy olive tree, restaurant olive tree"
LS-OLIVE-MULTI-BRANCH-6FT,Multi-branch Artificial Olive Tree – 6 ft,Artificial Plant & Flower/Artificial Trees/Artificial Olive Trees,Artificial Olive Trees,"Multi-stem branching architecture for a full, lush Mediterranean silhouette. Popular for restaurant terraces, hotel courtyards and retail window displays.",6 ft,"PE foliage, multiple steel armature branches, fibreglass trunk, planter pot","Special-order options for select products: NFPA 701, EN 13501, GB 8624 B1; confirm availability for the product and order",89.00,71.00,55.00,1,2000 pcs/month,15–25 days,"Dongguan, Guangdong, China",LaySun,Guangzhou / Shenzhen,Bank wire transfer (T/T); other methods confirmed in writing,Individual export carton with foam padding; custom branding available,https://laysun.co/images/prod-olive-multi-branch.webp,https://laysun.co/artificial-olive-trees,"multi branch artificial olive tree, bush olive tree fake, full canopy olive tree, restaurant olive tree"
LS-OLIVE-MULTI-BRANCH-7FT,Multi-branch Artificial Olive Tree – 7 ft,Artificial Plant & Flower/Artificial Trees/Artificial Olive Trees,Artificial Olive Trees,"Multi-stem branching architecture for a full, lush Mediterranean silhouette. Popular for restaurant terraces, hotel courtyards and retail window displays.",7 ft,"PE foliage, multiple steel armature branches, fibreglass trunk, planter pot","Special-order options for select products: NFPA 701, EN 13501, GB 8624 B1; confirm availability for the product and order",89.00,71.00,55.00,1,2000 pcs/month,15–25 days,"Dongguan, Guangdong, China",LaySun,Guangzhou / Shenzhen,Bank wire transfer (T/T); other methods confirmed in writing,Individual export carton with foam padding; custom branding available,https://laysun.co/images/prod-olive-multi-branch.webp,https://laysun.co/artificial-olive-trees,"multi branch artificial olive tree, bush olive tree fake, full canopy olive tree, restaurant olive tree"
LS-OLIVE-THICK-FORK-5FT,Thick Branch Double-fork Artificial Olive Tree – 5 ft,Artificial Plant & Flower/Artificial Trees/Artificial Olive Trees,Artificial Olive Trees,Bold double-forked trunk silhouette with heavy branches — strong architectural character for modern commercial interiors. Popular with interior designers specifying statement trees.,5 ft,"PE foliage, thick double-fork steel frame, fibreglass trunk, planter","Special-order options for select products: NFPA 701, EN 13501, GB 8624 B1; confirm availability for the product and order",99.00,79.00,61.00,1,2000 pcs/month,15–25 days,"Dongguan, Guangdong, China",LaySun,Guangzhou / Shenzhen,Bank wire transfer (T/T); other methods confirmed in writing,Individual export carton with foam padding; custom branding available,https://laysun.co/images/prod-olive-thick-double-fork.webp,https://laysun.co/artificial-olive-trees,"double fork olive tree artificial, architectural fake tree, statement artificial olive, designer olive tree"
LS-OLIVE-THICK-FORK-6FT,Thick Branch Double-fork Artificial Olive Tree – 6 ft,Artificial Plant & Flower/Artificial Trees/Artificial Olive Trees,Artificial Olive Trees,Bold double-forked trunk silhouette with heavy branches — strong architectural character for modern commercial interiors. Popular with interior designers specifying statement trees.,6 ft,"PE foliage, thick double-fork steel frame, fibreglass trunk, planter","Special-order options for select products: NFPA 701, EN 13501, GB 8624 B1; confirm availability for the product and order",99.00,79.00,61.00,1,2000 pcs/month,15–25 days,"Dongguan, Guangdong, China",LaySun,Guangzhou / Shenzhen,Bank wire transfer (T/T); other methods confirmed in writing,Individual export carton with foam padding; custom branding available,https://laysun.co/images/prod-olive-thick-double-fork.webp,https://laysun.co/artificial-olive-trees,"double fork olive tree artificial, architectural fake tree, statement artificial olive, designer olive tree"
LS-OLIVE-THICK-FORK-7FT,Thick Branch Double-fork Artificial Olive Tree – 7 ft,Artificial Plant & Flower/Artificial Trees/Artificial Olive Trees,Artificial Olive Trees,Bold double-forked trunk silhouette with heavy branches — strong architectural character for modern commercial interiors. Popular with interior designers specifying statement trees.,7 ft,"PE foliage, thick double-fork steel frame, fibreglass trunk, planter","Special-order options for select products: NFPA 701, EN 13501, GB 8624 B1; confirm availability for the product and order",99.00,79.00,61.00,1,2000 pcs/month,15–25 days,"Dongguan, Guangdong, China",LaySun,Guangzhou / Shenzhen,Bank wire transfer (T/T); other methods confirmed in writing,Individual export carton with foam padding; custom branding available,https://laysun.co/images/prod-olive-thick-double-fork.webp,https://laysun.co/artificial-olive-trees,"double fork olive tree artificial, architectural fake tree, statement artificial olive, designer olive tree"
LS-OLIVE-THICK-FORK-8FT,Thick Branch Double-fork Artificial Olive Tree – 8 ft,Artificial Plant & Flower/Artificial Trees/Artificial Olive Trees,Artificial Olive Trees,Bold double-forked trunk silhouette with heavy branches — strong architectural character for modern commercial interiors. Popular with interior designers specifying statement trees.,8 ft,"PE foliage, thick double-fork steel frame, fibreglass trunk, planter","Special-order options for select products: NFPA 701, EN 13501, GB 8624 B1; confirm availability for the product and order",99.00,79.00,61.00,1,2000 pcs/month,15–25 days,"Dongguan, Guangdong, China",LaySun,Guangzhou / Shenzhen,Bank wire transfer (T/T); other methods confirmed in writing,Individual export carton with foam padding; custom branding available,https://laysun.co/images/prod-olive-thick-double-fork.webp,https://laysun.co/artificial-olive-trees,"double fork olive tree artificial, architectural fake tree, statement artificial olive, designer olive tree"
LS-OLIVE-FAN-SHAPE-5FT,Fan-shape Artificial Olive Tree — Round Pot – 5 ft,Artificial Plant & Flower/Artificial Trees/Artificial Olive Trees,Artificial Olive Trees,"Fan-spread canopy trained to a flat, graphic silhouette — suits narrow corridors, wall-adjacent placement and retail shop-in-shop displays. Pairs well with picture-frame lighting.",5 ft,"PE foliage, fan-spread steel armature, fibreglass trunk, round planter pot","Special-order options for select products: NFPA 701, EN 13501, GB 8624 B1; confirm availability for the product and order",99.00,79.00,61.00,1,2000 pcs/month,15–25 days,"Dongguan, Guangdong, China",LaySun,Guangzhou / Shenzhen,Bank wire transfer (T/T); other methods confirmed in writing,Individual export carton with foam padding; custom branding available,https://laysun.co/images/prod-olive-fan-shape.webp,https://laysun.co/artificial-olive-trees,"fan shape artificial olive tree, flat canopy olive tree, espalier fake tree, narrow space olive tree"
LS-OLIVE-FAN-SHAPE-6FT,Fan-shape Artificial Olive Tree — Round Pot – 6 ft,Artificial Plant & Flower/Artificial Trees/Artificial Olive Trees,Artificial Olive Trees,"Fan-spread canopy trained to a flat, graphic silhouette — suits narrow corridors, wall-adjacent placement and retail shop-in-shop displays. Pairs well with picture-frame lighting.",6 ft,"PE foliage, fan-spread steel armature, fibreglass trunk, round planter pot","Special-order options for select products: NFPA 701, EN 13501, GB 8624 B1; confirm availability for the product and order",99.00,79.00,61.00,1,2000 pcs/month,15–25 days,"Dongguan, Guangdong, China",LaySun,Guangzhou / Shenzhen,Bank wire transfer (T/T); other methods confirmed in writing,Individual export carton with foam padding; custom branding available,https://laysun.co/images/prod-olive-fan-shape.webp,https://laysun.co/artificial-olive-trees,"fan shape artificial olive tree, flat canopy olive tree, espalier fake tree, narrow space olive tree"
LS-OLIVE-FAN-SHAPE-7FT,Fan-shape Artificial Olive Tree — Round Pot – 7 ft,Artificial Plant & Flower/Artificial Trees/Artificial Olive Trees,Artificial Olive Trees,"Fan-spread canopy trained to a flat, graphic silhouette — suits narrow corridors, wall-adjacent placement and retail shop-in-shop displays. Pairs well with picture-frame lighting.",7 ft,"PE foliage, fan-spread steel armature, fibreglass trunk, round planter pot","Special-order options for select products: NFPA 701, EN 13501, GB 8624 B1; confirm availability for the product and order",99.00,79.00,61.00,1,2000 pcs/month,15–25 days,"Dongguan, Guangdong, China",LaySun,Guangzhou / Shenzhen,Bank wire transfer (T/T); other methods confirmed in writing,Individual export carton with foam padding; custom branding available,https://laysun.co/images/prod-olive-fan-shape.webp,https://laysun.co/artificial-olive-trees,"fan shape artificial olive tree, flat canopy olive tree, espalier fake tree, narrow space olive tree"
LS-OLIVE-FAN-SHAPE-8FT,Fan-shape Artificial Olive Tree — Round Pot – 8 ft,Artificial Plant & Flower/Artificial Trees/Artificial Olive Trees,Artificial Olive Trees,"Fan-spread canopy trained to a flat, graphic silhouette — suits narrow corridors, wall-adjacent placement and retail shop-in-shop displays. Pairs well with picture-frame lighting.",8 ft,"PE foliage, fan-spread steel armature, fibreglass trunk, round planter pot","Special-order options for select products: NFPA 701, EN 13501, GB 8624 B1; confirm availability for the product and order",99.00,79.00,61.00,1,2000 pcs/month,15–25 days,"Dongguan, Guangdong, China",LaySun,Guangzhou / Shenzhen,Bank wire transfer (T/T); other methods confirmed in writing,Individual export carton with foam padding; custom branding available,https://laysun.co/images/prod-olive-fan-shape.webp,https://laysun.co/artificial-olive-trees,"fan shape artificial olive tree, flat canopy olive tree, espalier fake tree, narrow space olive tree"
LS-OLIVE-SPHERICAL-3FT,Spherical 3D Canopy Artificial Olive Tree – 3 ft,Artificial Plant & Flower/Artificial Trees/Artificial Olive Trees,Artificial Olive Trees,"Perfect globe canopy — a contemporary topiary-style olive tree for high-end retail, luxury hotel lobbies and event design. Six sizes from 3–8 ft for multiple applications.",3 ft,"Dense PE foliage, spherical wire cage armature, fibreglass trunk, planter","Special-order options for select products: NFPA 701, EN 13501, GB 8624 B1; confirm availability for the product and order",109.00,87.00,68.00,1,2000 pcs/month,20–30 days,"Dongguan, Guangdong, China",LaySun,Guangzhou / Shenzhen,Bank wire transfer (T/T); other methods confirmed in writing,Individual export carton with foam padding; custom branding available,https://laysun.co/images/prod-olive-spherical.webp,https://laysun.co/artificial-olive-trees,"spherical olive tree artificial, ball canopy fake tree, topiary olive tree, globe artificial tree"
LS-OLIVE-SPHERICAL-4FT,Spherical 3D Canopy Artificial Olive Tree – 4 ft,Artificial Plant & Flower/Artificial Trees/Artificial Olive Trees,Artificial Olive Trees,"Perfect globe canopy — a contemporary topiary-style olive tree for high-end retail, luxury hotel lobbies and event design. Six sizes from 3–8 ft for multiple applications.",4 ft,"Dense PE foliage, spherical wire cage armature, fibreglass trunk, planter","Special-order options for select products: NFPA 701, EN 13501, GB 8624 B1; confirm availability for the product and order",109.00,87.00,68.00,1,2000 pcs/month,20–30 days,"Dongguan, Guangdong, China",LaySun,Guangzhou / Shenzhen,Bank wire transfer (T/T); other methods confirmed in writing,Individual export carton with foam padding; custom branding available,https://laysun.co/images/prod-olive-spherical.webp,https://laysun.co/artificial-olive-trees,"spherical olive tree artificial, ball canopy fake tree, topiary olive tree, globe artificial tree"
LS-OLIVE-SPHERICAL-5FT,Spherical 3D Canopy Artificial Olive Tree – 5 ft,Artificial Plant & Flower/Artificial Trees/Artificial Olive Trees,Artificial Olive Trees,"Perfect globe canopy — a contemporary topiary-style olive tree for high-end retail, luxury hotel lobbies and event design. Six sizes from 3–8 ft for multiple applications.",5 ft,"Dense PE foliage, spherical wire cage armature, fibreglass trunk, planter","Special-order options for select products: NFPA 701, EN 13501, GB 8624 B1; confirm availability for the product and order",109.00,87.00,68.00,1,2000 pcs/month,20–30 days,"Dongguan, Guangdong, China",LaySun,Guangzhou / Shenzhen,Bank wire transfer (T/T); other methods confirmed in writing,Individual export carton with foam padding; custom branding available,https://laysun.co/images/prod-olive-spherical.webp,https://laysun.co/artificial-olive-trees,"spherical olive tree artificial, ball canopy fake tree, topiary olive tree, globe artificial tree"
LS-OLIVE-SPHERICAL-6FT,Spherical 3D Canopy Artificial Olive Tree – 6 ft,Artificial Plant & Flower/Artificial Trees/Artificial Olive Trees,Artificial Olive Trees,"Perfect globe canopy — a contemporary topiary-style olive tree for high-end retail, luxury hotel lobbies and event design. Six sizes from 3–8 ft for multiple applications.",6 ft,"Dense PE foliage, spherical wire cage armature, fibreglass trunk, planter","Special-order options for select products: NFPA 701, EN 13501, GB 8624 B1; confirm availability for the product and order",109.00,87.00,68.00,1,2000 pcs/month,20–30 days,"Dongguan, Guangdong, China",LaySun,Guangzhou / Shenzhen,Bank wire transfer (T/T); other methods confirmed in writing,Individual export carton with foam padding; custom branding available,https://laysun.co/images/prod-olive-spherical.webp,https://laysun.co/artificial-olive-trees,"spherical olive tree artificial, ball canopy fake tree, topiary olive tree, globe artificial tree"
LS-OLIVE-SPHERICAL-7FT,Spherical 3D Canopy Artificial Olive Tree – 7 ft,Artificial Plant & Flower/Artificial Trees/Artificial Olive Trees,Artificial Olive Trees,"Perfect globe canopy — a contemporary topiary-style olive tree for high-end retail, luxury hotel lobbies and event design. Six sizes from 3–8 ft for multiple applications.",7 ft,"Dense PE foliage, spherical wire cage armature, fibreglass trunk, planter","Special-order options for select products: NFPA 701, EN 13501, GB 8624 B1; confirm availability for the product and order",109.00,87.00,68.00,1,2000 pcs/month,20–30 days,"Dongguan, Guangdong, China",LaySun,Guangzhou / Shenzhen,Bank wire transfer (T/T); other methods confirmed in writing,Individual export carton with foam padding; custom branding available,https://laysun.co/images/prod-olive-spherical.webp,https://laysun.co/artificial-olive-trees,"spherical olive tree artificial, ball canopy fake tree, topiary olive tree, globe artificial tree"
LS-OLIVE-SPHERICAL-8FT,Spherical 3D Canopy Artificial Olive Tree – 8 ft,Artificial Plant & Flower/Artificial Trees/Artificial Olive Trees,Artificial Olive Trees,"Perfect globe canopy — a contemporary topiary-style olive tree for high-end retail, luxury hotel lobbies and event design. Six sizes from 3–8 ft for multiple applications.",8 ft,"Dense PE foliage, spherical wire cage armature, fibreglass trunk, planter","Special-order options for select products: NFPA 701, EN 13501, GB 8624 B1; confirm availability for the product and order",109.00,87.00,68.00,1,2000 pcs/month,20–30 days,"Dongguan, Guangdong, China",LaySun,Guangzhou / Shenzhen,Bank wire transfer (T/T); other methods confirmed in writing,Individual export carton with foam padding; custom branding available,https://laysun.co/images/prod-olive-spherical.webp,https://laysun.co/artificial-olive-trees,"spherical olive tree artificial, ball canopy fake tree, topiary olive tree, globe artificial tree"
LS-OLIVE-LARGE-HEAD-6FT,Large Tree Head 3D Artificial Olive Tree – 6 ft,Artificial Plant & Flower/Artificial Trees/Artificial Olive Trees,Artificial Olive Trees,Oversized dense-canopy olive tree with a dramatic round head — visually dominant for hotel atrium centerpieces and major retail installations.,6 ft,"Dense PE foliage, large 3D wire-frame head, fibreglass trunk, planter","Special-order options for select products: NFPA 701, EN 13501, GB 8624 B1; confirm availability for the product and order",125.00,100.00,78.00,1,2000 pcs/month,20–30 days,"Dongguan, Guangdong, China",LaySun,Guangzhou / Shenzhen,Bank wire transfer (T/T); other methods confirmed in writing,Individual export carton with foam padding; custom branding available,https://laysun.co/images/prod-olive-large-head.webp,https://laysun.co/artificial-olive-trees,"large head olive tree artificial, oversized canopy fake tree, atrium centerpiece tree, dense olive tree artificial"
LS-OLIVE-LARGE-HEAD-7FT,Large Tree Head 3D Artificial Olive Tree – 7 ft,Artificial Plant & Flower/Artificial Trees/Artificial Olive Trees,Artificial Olive Trees,Oversized dense-canopy olive tree with a dramatic round head — visually dominant for hotel atrium centerpieces and major retail installations.,7 ft,"Dense PE foliage, large 3D wire-frame head, fibreglass trunk, planter","Special-order options for select products: NFPA 701, EN 13501, GB 8624 B1; confirm availability for the product and order",125.00,100.00,78.00,1,2000 pcs/month,20–30 days,"Dongguan, Guangdong, China",LaySun,Guangzhou / Shenzhen,Bank wire transfer (T/T); other methods confirmed in writing,Individual export carton with foam padding; custom branding available,https://laysun.co/images/prod-olive-large-head.webp,https://laysun.co/artificial-olive-trees,"large head olive tree artificial, oversized canopy fake tree, atrium centerpiece tree, dense olive tree artificial"
LS-OLIVE-LARGE-HEAD-8FT,Large Tree Head 3D Artificial Olive Tree – 8 ft,Artificial Plant & Flower/Artificial Trees/Artificial Olive Trees,Artificial Olive Trees,Oversized dense-canopy olive tree with a dramatic round head — visually dominant for hotel atrium centerpieces and major retail installations.,8 ft,"Dense PE foliage, large 3D wire-frame head, fibreglass trunk, planter","Special-order options for select products: NFPA 701, EN 13501, GB 8624 B1; confirm availability for the product and order",125.00,100.00,78.00,1,2000 pcs/month,20–30 days,"Dongguan, Guangdong, China",LaySun,Guangzhou / Shenzhen,Bank wire transfer (T/T); other methods confirmed in writing,Individual export carton with foam padding; custom branding available,https://laysun.co/images/prod-olive-large-head.webp,https://laysun.co/artificial-olive-trees,"large head olive tree artificial, oversized canopy fake tree, atrium centerpiece tree, dense olive tree artificial"
LS-OLIVE-CROSS-BLACK-5FT,Cross Black Artificial Olive Tree – 5 ft,Artificial Plant & Flower/Artificial Trees/Artificial Olive Trees,Artificial Olive Trees,"Distinctive cross-branched trunk architecture with a dark finish — bold contemporary aesthetic for designer hotel bars, high-end restaurants and exclusive retail.",5 ft,"PE foliage, cross-branch steel frame, dark fibreglass trunk, planter","Special-order options for select products: NFPA 701, EN 13501, GB 8624 B1; confirm availability for the product and order",99.00,79.00,61.00,1,2000 pcs/month,15–25 days,"Dongguan, Guangdong, China",LaySun,Guangzhou / Shenzhen,Bank wire transfer (T/T); other methods confirmed in writing,Individual export carton with foam padding; custom branding available,https://laysun.co/images/prod-olive-cross-black.webp,https://laysun.co/artificial-olive-trees,"cross branch olive tree artificial, dark trunk fake tree, contemporary artificial tree, black trunk olive tree"
LS-OLIVE-CROSS-BLACK-6FT,Cross Black Artificial Olive Tree – 6 ft,Artificial Plant & Flower/Artificial Trees/Artificial Olive Trees,Artificial Olive Trees,"Distinctive cross-branched trunk architecture with a dark finish — bold contemporary aesthetic for designer hotel bars, high-end restaurants and exclusive retail.",6 ft,"PE foliage, cross-branch steel frame, dark fibreglass trunk, planter","Special-order options for select products: NFPA 701, EN 13501, GB 8624 B1; confirm availability for the product and order",99.00,79.00,61.00,1,2000 pcs/month,15–25 days,"Dongguan, Guangdong, China",LaySun,Guangzhou / Shenzhen,Bank wire transfer (T/T); other methods confirmed in writing,Individual export carton with foam padding; custom branding available,https://laysun.co/images/prod-olive-cross-black.webp,https://laysun.co/artificial-olive-trees,"cross branch olive tree artificial, dark trunk fake tree, contemporary artificial tree, black trunk olive tree"
LS-OLIVE-CROSS-BLACK-7FT,Cross Black Artificial Olive Tree – 7 ft,Artificial Plant & Flower/Artificial Trees/Artificial Olive Trees,Artificial Olive Trees,"Distinctive cross-branched trunk architecture with a dark finish — bold contemporary aesthetic for designer hotel bars, high-end restaurants and exclusive retail.",7 ft,"PE foliage, cross-branch steel frame, dark fibreglass trunk, planter","Special-order options for select products: NFPA 701, EN 13501, GB 8624 B1; confirm availability for the product and order",99.00,79.00,61.00,1,2000 pcs/month,15–25 days,"Dongguan, Guangdong, China",LaySun,Guangzhou / Shenzhen,Bank wire transfer (T/T); other methods confirmed in writing,Individual export carton with foam padding; custom branding available,https://laysun.co/images/prod-olive-cross-black.webp,https://laysun.co/artificial-olive-trees,"cross branch olive tree artificial, dark trunk fake tree, contemporary artificial tree, black trunk olive tree"
LS-OLIVE-FORK-STRAIGHT-5FT,Double-fork Straight Trunk Artificial Olive Tree – 5 ft,Artificial Plant & Flower/Artificial Trees/Artificial Olive Trees,Artificial Olive Trees,"Clean straight trunk with a natural double-fork split — versatile and widely specified for corporate offices, hotel corridors and retail environments.",5 ft,"PE foliage, straight double-fork steel frame, fibreglass trunk, planter","Special-order options for select products: NFPA 701, EN 13501, GB 8624 B1; confirm availability for the product and order",89.00,71.00,55.00,1,2000 pcs/month,15–25 days,"Dongguan, Guangdong, China",LaySun,Guangzhou / Shenzhen,Bank wire transfer (T/T); other methods confirmed in writing,Individual export carton with foam padding; custom branding available,https://laysun.co/images/prod-olive-double-fork-straight.webp,https://laysun.co/artificial-olive-trees,"straight trunk olive tree artificial, double fork fake tree, corporate olive tree, office artificial tree"
LS-OLIVE-FORK-STRAIGHT-6FT,Double-fork Straight Trunk Artificial Olive Tree – 6 ft,Artificial Plant & Flower/Artificial Trees/Artificial Olive Trees,Artificial Olive Trees,"Clean straight trunk with a natural double-fork split — versatile and widely specified for corporate offices, hotel corridors and retail environments.",6 ft,"PE foliage, straight double-fork steel frame, fibreglass trunk, planter","Special-order options for select products: NFPA 701, EN 13501, GB 8624 B1; confirm availability for the product and order",89.00,71.00,55.00,1,2000 pcs/month,15–25 days,"Dongguan, Guangdong, China",LaySun,Guangzhou / Shenzhen,Bank wire transfer (T/T); other methods confirmed in writing,Individual export carton with foam padding; custom branding available,https://laysun.co/images/prod-olive-double-fork-straight.webp,https://laysun.co/artificial-olive-trees,"straight trunk olive tree artificial, double fork fake tree, corporate olive tree, office artificial tree"
LS-OLIVE-FORK-STRAIGHT-7FT,Double-fork Straight Trunk Artificial Olive Tree – 7 ft,Artificial Plant & Flower/Artificial Trees/Artificial Olive Trees,Artificial Olive Trees,"Clean straight trunk with a natural double-fork split — versatile and widely specified for corporate offices, hotel corridors and retail environments.",7 ft,"PE foliage, straight double-fork steel frame, fibreglass trunk, planter","Special-order options for select products: NFPA 701, EN 13501, GB 8624 B1; confirm availability for the product and order",89.00,71.00,55.00,1,2000 pcs/month,15–25 days,"Dongguan, Guangdong, China",LaySun,Guangzhou / Shenzhen,Bank wire transfer (T/T); other methods confirmed in writing,Individual export carton with foam padding; custom branding available,https://laysun.co/images/prod-olive-double-fork-straight.webp,https://laysun.co/artificial-olive-trees,"straight trunk olive tree artificial, double fork fake tree, corporate olive tree, office artificial tree"
LS-OLIVE-STRAIGHT-BLACK-5FT,Straight Black Artificial Olive Tree – 5 ft,Artificial Plant & Flower/Artificial Trees/Artificial Olive Trees,Artificial Olive Trees,"Architectural straight-trunk olive with matte black trunk finish — a premium choice for contemporary hotel interiors, corporate HQ lobbies and boutique retail.",5 ft,"PE foliage, straight steel frame, black-finish fibreglass trunk, planter","Special-order options for select products: NFPA 701, EN 13501, GB 8624 B1; confirm availability for the product and order",99.00,79.00,61.00,1,2000 pcs/month,15–25 days,"Dongguan, Guangdong, China",LaySun,Guangzhou / Shenzhen,Bank wire transfer (T/T); other methods confirmed in writing,Individual export carton with foam padding; custom branding available,https://laysun.co/images/prod-olive-straight-black.webp,https://laysun.co/artificial-olive-trees,"black trunk artificial tree, straight black olive tree, modern fake tree, architectural artificial olive"
LS-OLIVE-STRAIGHT-BLACK-6FT,Straight Black Artificial Olive Tree – 6 ft,Artificial Plant & Flower/Artificial Trees/Artificial Olive Trees,Artificial Olive Trees,"Architectural straight-trunk olive with matte black trunk finish — a premium choice for contemporary hotel interiors, corporate HQ lobbies and boutique retail.",6 ft,"PE foliage, straight steel frame, black-finish fibreglass trunk, planter","Special-order options for select products: NFPA 701, EN 13501, GB 8624 B1; confirm availability for the product and order",99.00,79.00,61.00,1,2000 pcs/month,15–25 days,"Dongguan, Guangdong, China",LaySun,Guangzhou / Shenzhen,Bank wire transfer (T/T); other methods confirmed in writing,Individual export carton with foam padding; custom branding available,https://laysun.co/images/prod-olive-straight-black.webp,https://laysun.co/artificial-olive-trees,"black trunk artificial tree, straight black olive tree, modern fake tree, architectural artificial olive"
LS-OLIVE-STRAIGHT-BLACK-7FT,Straight Black Artificial Olive Tree – 7 ft,Artificial Plant & Flower/Artificial Trees/Artificial Olive Trees,Artificial Olive Trees,"Architectural straight-trunk olive with matte black trunk finish — a premium choice for contemporary hotel interiors, corporate HQ lobbies and boutique retail.",7 ft,"PE foliage, straight steel frame, black-finish fibreglass trunk, planter","Special-order options for select products: NFPA 701, EN 13501, GB 8624 B1; confirm availability for the product and order",99.00,79.00,61.00,1,2000 pcs/month,15–25 days,"Dongguan, Guangdong, China",LaySun,Guangzhou / Shenzhen,Bank wire transfer (T/T); other methods confirmed in writing,Individual export carton with foam padding; custom branding available,https://laysun.co/images/prod-olive-straight-black.webp,https://laysun.co/artificial-olive-trees,"black trunk artificial tree, straight black olive tree, modern fake tree, architectural artificial olive"
LS-OLIVE-STRAIGHT-BLACK-8FT,Straight Black Artificial Olive Tree – 8 ft,Artificial Plant & Flower/Artificial Trees/Artificial Olive Trees,Artificial Olive Trees,"Architectural straight-trunk olive with matte black trunk finish — a premium choice for contemporary hotel interiors, corporate HQ lobbies and boutique retail.",8 ft,"PE foliage, straight steel frame, black-finish fibreglass trunk, planter","Special-order options for select products: NFPA 701, EN 13501, GB 8624 B1; confirm availability for the product and order",99.00,79.00,61.00,1,2000 pcs/month,15–25 days,"Dongguan, Guangdong, China",LaySun,Guangzhou / Shenzhen,Bank wire transfer (T/T); other methods confirmed in writing,Individual export carton with foam padding; custom branding available,https://laysun.co/images/prod-olive-straight-black.webp,https://laysun.co/artificial-olive-trees,"black trunk artificial tree, straight black olive tree, modern fake tree, architectural artificial olive"
LS-OLIVE-WHITE-POT-FINE-5FT,White Pot Fine Branch Artificial Olive Tree – 5 ft,Artificial Plant & Flower/Artificial Trees/Artificial Olive Trees,Artificial Olive Trees,"Delicate fine-branch canopy in a contemporary white pot — perfect for minimalist interior design, Scandi-style hotels and premium corporate spaces.",5 ft,"PE foliage, fine steel wire branches, fibreglass trunk, white ceramic-look pot","Special-order options for select products: NFPA 701, EN 13501, GB 8624 B1; confirm availability for the product and order",89.00,71.00,55.00,1,2000 pcs/month,15–25 days,"Dongguan, Guangdong, China",LaySun,Guangzhou / Shenzhen,Bank wire transfer (T/T); other methods confirmed in writing,Individual export carton with foam padding; custom branding available,https://laysun.co/images/prod-olive-white-pot-fine.webp,https://laysun.co/artificial-olive-trees,"white pot olive tree artificial, fine branch fake tree, minimalist artificial tree, Scandi hotel tree"
LS-OLIVE-WHITE-POT-FINE-6FT,White Pot Fine Branch Artificial Olive Tree – 6 ft,Artificial Plant & Flower/Artificial Trees/Artificial Olive Trees,Artificial Olive Trees,"Delicate fine-branch canopy in a contemporary white pot — perfect for minimalist interior design, Scandi-style hotels and premium corporate spaces.",6 ft,"PE foliage, fine steel wire branches, fibreglass trunk, white ceramic-look pot","Special-order options for select products: NFPA 701, EN 13501, GB 8624 B1; confirm availability for the product and order",89.00,71.00,55.00,1,2000 pcs/month,15–25 days,"Dongguan, Guangdong, China",LaySun,Guangzhou / Shenzhen,Bank wire transfer (T/T); other methods confirmed in writing,Individual export carton with foam padding; custom branding available,https://laysun.co/images/prod-olive-white-pot-fine.webp,https://laysun.co/artificial-olive-trees,"white pot olive tree artificial, fine branch fake tree, minimalist artificial tree, Scandi hotel tree"
LS-OLIVE-WHITE-POT-FINE-7FT,White Pot Fine Branch Artificial Olive Tree – 7 ft,Artificial Plant & Flower/Artificial Trees/Artificial Olive Trees,Artificial Olive Trees,"Delicate fine-branch canopy in a contemporary white pot — perfect for minimalist interior design, Scandi-style hotels and premium corporate spaces.",7 ft,"PE foliage, fine steel wire branches, fibreglass trunk, white ceramic-look pot","Special-order options for select products: NFPA 701, EN 13501, GB 8624 B1; confirm availability for the product and order",89.00,71.00,55.00,1,2000 pcs/month,15–25 days,"Dongguan, Guangdong, China",LaySun,Guangzhou / Shenzhen,Bank wire transfer (T/T); other methods confirmed in writing,Individual export carton with foam padding; custom branding available,https://laysun.co/images/prod-olive-white-pot-fine.webp,https://laysun.co/artificial-olive-trees,"white pot olive tree artificial, fine branch fake tree, minimalist artificial tree, Scandi hotel tree"
LS-OLIVE-STANDARD-6FT,Standard Artificial Olive Tree – 6 ft,Artificial Plant & Flower/Artificial Trees/Artificial Olive Trees,Artificial Olive Trees,"Our most versatile commercial olive tree — a reliable workhorse specification for hotels, restaurants and corporate offices at 6–8 ft.",6 ft,"PE foliage, steel wire branches, fibreglass trunk, standard planter pot","Special-order options for select products: NFPA 701, EN 13501, GB 8624 B1; confirm availability for the product and order",89.00,71.00,55.00,1,2000 pcs/month,15–25 days,"Dongguan, Guangdong, China",LaySun,Guangzhou / Shenzhen,Bank wire transfer (T/T); other methods confirmed in writing,Individual export carton with foam padding; custom branding available,https://laysun.co/images/prod-olive-standard-678ft.webp,https://laysun.co/artificial-olive-trees,"standard artificial olive tree, 6ft 7ft 8ft olive tree fake, commercial olive tree, hotel olive tree"
LS-OLIVE-STANDARD-7FT,Standard Artificial Olive Tree – 7 ft,Artificial Plant & Flower/Artificial Trees/Artificial Olive Trees,Artificial Olive Trees,"Our most versatile commercial olive tree — a reliable workhorse specification for hotels, restaurants and corporate offices at 6–8 ft.",7 ft,"PE foliage, steel wire branches, fibreglass trunk, standard planter pot","Special-order options for select products: NFPA 701, EN 13501, GB 8624 B1; confirm availability for the product and order",89.00,71.00,55.00,1,2000 pcs/month,15–25 days,"Dongguan, Guangdong, China",LaySun,Guangzhou / Shenzhen,Bank wire transfer (T/T); other methods confirmed in writing,Individual export carton with foam padding; custom branding available,https://laysun.co/images/prod-olive-standard-678ft.webp,https://laysun.co/artificial-olive-trees,"standard artificial olive tree, 6ft 7ft 8ft olive tree fake, commercial olive tree, hotel olive tree"
LS-OLIVE-STANDARD-8FT,Standard Artificial Olive Tree – 8 ft,Artificial Plant & Flower/Artificial Trees/Artificial Olive Trees,Artificial Olive Trees,"Our most versatile commercial olive tree — a reliable workhorse specification for hotels, restaurants and corporate offices at 6–8 ft.",8 ft,"PE foliage, steel wire branches, fibreglass trunk, standard planter pot","Special-order options for select products: NFPA 701, EN 13501, GB 8624 B1; confirm availability for the product and order",89.00,71.00,55.00,1,2000 pcs/month,15–25 days,"Dongguan, Guangdong, China",LaySun,Guangzhou / Shenzhen,Bank wire transfer (T/T); other methods confirmed in writing,Individual export carton with foam padding; custom branding available,https://laysun.co/images/prod-olive-standard-678ft.webp,https://laysun.co/artificial-olive-trees,"standard artificial olive tree, 6ft 7ft 8ft olive tree fake, commercial olive tree, hotel olive tree"
LS-OLIVE-WHITE-POT-5FT,White Pot Artificial Olive Tree – 5 ft,Artificial Plant & Flower/Artificial Trees/Artificial Olive Trees,Artificial Olive Trees,"Classic olive canopy in a clean white round pot — a hotel designer favourite for its versatility across Mediterranean, contemporary and Japandi interior styles.",5 ft,"PE foliage, steel wire branches, fibreglass trunk, white round pot","Special-order options for select products: NFPA 701, EN 13501, GB 8624 B1; confirm availability for the product and order",89.00,71.00,55.00,1,2000 pcs/month,15–25 days,"Dongguan, Guangdong, China",LaySun,Guangzhou / Shenzhen,Bank wire transfer (T/T); other methods confirmed in writing,Individual export carton with foam padding; custom branding available,https://laysun.co/images/prod-olive-white-pot.webp,https://laysun.co/artificial-olive-trees,"white pot olive tree, artificial olive tree pot, hotel designer olive tree, Japandi fake tree"
LS-OLIVE-WHITE-POT-6FT,White Pot Artificial Olive Tree – 6 ft,Artificial Plant & Flower/Artificial Trees/Artificial Olive Trees,Artificial Olive Trees,"Classic olive canopy in a clean white round pot — a hotel designer favourite for its versatility across Mediterranean, contemporary and Japandi interior styles.",6 ft,"PE foliage, steel wire branches, fibreglass trunk, white round pot","Special-order options for select products: NFPA 701, EN 13501, GB 8624 B1; confirm availability for the product and order",89.00,71.00,55.00,1,2000 pcs/month,15–25 days,"Dongguan, Guangdong, China",LaySun,Guangzhou / Shenzhen,Bank wire transfer (T/T); other methods confirmed in writing,Individual export carton with foam padding; custom branding available,https://laysun.co/images/prod-olive-white-pot.webp,https://laysun.co/artificial-olive-trees,"white pot olive tree, artificial olive tree pot, hotel designer olive tree, Japandi fake tree"
LS-OLIVE-WHITE-POT-7FT,White Pot Artificial Olive Tree – 7 ft,Artificial Plant & Flower/Artificial Trees/Artificial Olive Trees,Artificial Olive Trees,"Classic olive canopy in a clean white round pot — a hotel designer favourite for its versatility across Mediterranean, contemporary and Japandi interior styles.",7 ft,"PE foliage, steel wire branches, fibreglass trunk, white round pot","Special-order options for select products: NFPA 701, EN 13501, GB 8624 B1; confirm availability for the product and order",89.00,71.00,55.00,1,2000 pcs/month,15–25 days,"Dongguan, Guangdong, China",LaySun,Guangzhou / Shenzhen,Bank wire transfer (T/T); other methods confirmed in writing,Individual export carton with foam padding; custom branding available,https://laysun.co/images/prod-olive-white-pot.webp,https://laysun.co/artificial-olive-trees,"white pot olive tree, artificial olive tree pot, hotel designer olive tree, Japandi fake tree"
LS-OLIVE-SINGLE-3BRANCH-4FT,Single Trunk Three-branch Artificial Olive Tree – 4 ft,Artificial Plant & Flower/Artificial Trees/Artificial Olive Trees,Artificial Olive Trees,"Single trunk with a balanced three-branch split — natural and proportioned. A popular specification for hotel room entries, restaurant dividers and retail corridor plantings.",4 ft,"PE foliage, single trunk with three-branch steel frame, fibreglass trunk, planter","Special-order options for select products: NFPA 701, EN 13501, GB 8624 B1; confirm availability for the product and order",89.00,71.00,55.00,1,2000 pcs/month,15–25 days,"Dongguan, Guangdong, China",LaySun,Guangzhou / Shenzhen,Bank wire transfer (T/T); other methods confirmed in writing,Individual export carton with foam padding; custom branding available,https://laysun.co/images/prod-olive-single-three-branch.webp,https://laysun.co/artificial-olive-trees,"three branch olive tree artificial, single trunk olive fake, balanced olive tree, corridor olive tree"
LS-OLIVE-SINGLE-3BRANCH-5FT,Single Trunk Three-branch Artificial Olive Tree – 5 ft,Artificial Plant & Flower/Artificial Trees/Artificial Olive Trees,Artificial Olive Trees,"Single trunk with a balanced three-branch split — natural and proportioned. A popular specification for hotel room entries, restaurant dividers and retail corridor plantings.",5 ft,"PE foliage, single trunk with three-branch steel frame, fibreglass trunk, planter","Special-order options for select products: NFPA 701, EN 13501, GB 8624 B1; confirm availability for the product and order",89.00,71.00,55.00,1,2000 pcs/month,15–25 days,"Dongguan, Guangdong, China",LaySun,Guangzhou / Shenzhen,Bank wire transfer (T/T); other methods confirmed in writing,Individual export carton with foam padding; custom branding available,https://laysun.co/images/prod-olive-single-three-branch.webp,https://laysun.co/artificial-olive-trees,"three branch olive tree artificial, single trunk olive fake, balanced olive tree, corridor olive tree"
LS-OLIVE-SINGLE-3BRANCH-6FT,Single Trunk Three-branch Artificial Olive Tree – 6 ft,Artificial Plant & Flower/Artificial Trees/Artificial Olive Trees,Artificial Olive Trees,"Single trunk with a balanced three-branch split — natural and proportioned. A popular specification for hotel room entries, restaurant dividers and retail corridor plantings.",6 ft,"PE foliage, single trunk with three-branch steel frame, fibreglass trunk, planter","Special-order options for select products: NFPA 701, EN 13501, GB 8624 B1; confirm availability for the product and order",89.00,71.00,55.00,1,2000 pcs/month,15–25 days,"Dongguan, Guangdong, China",LaySun,Guangzhou / Shenzhen,Bank wire transfer (T/T); other methods confirmed in writing,Individual export carton with foam padding; custom branding available,https://laysun.co/images/prod-olive-single-three-branch.webp,https://laysun.co/artificial-olive-trees,"three branch olive tree artificial, single trunk olive fake, balanced olive tree, corridor olive tree"
LS-OLIVE-SINGLE-3BRANCH-7FT,Single Trunk Three-branch Artificial Olive Tree – 7 ft,Artificial Plant & Flower/Artificial Trees/Artificial Olive Trees,Artificial Olive Trees,"Single trunk with a balanced three-branch split — natural and proportioned. A popular specification for hotel room entries, restaurant dividers and retail corridor plantings.",7 ft,"PE foliage, single trunk with three-branch steel frame, fibreglass trunk, planter","Special-order options for select products: NFPA 701, EN 13501, GB 8624 B1; confirm availability for the product and order",89.00,71.00,55.00,1,2000 pcs/month,15–25 days,"Dongguan, Guangdong, China",LaySun,Guangzhou / Shenzhen,Bank wire transfer (T/T); other methods confirmed in writing,Individual export carton with foam padding; custom branding available,https://laysun.co/images/prod-olive-single-three-branch.webp,https://laysun.co/artificial-olive-trees,"three branch olive tree artificial, single trunk olive fake, balanced olive tree, corridor olive tree"
LS-OLIVE-2025-THICK-5FT,2025 Thick Straight Trunk Artificial Olive Tree – 5 ft,Artificial Plant & Flower/Artificial Trees/Artificial Olive Trees,Artificial Olive Trees,"New 2025 model with an extra-thick straight trunk for a more mature, established appearance. High demand from luxury hotel designers specifying updated interiors.",5 ft,"PE foliage, thick straight fibreglass trunk, steel wire branches, planter","Special-order options for select products: NFPA 701, EN 13501, GB 8624 B1; confirm availability for the product and order",109.00,87.00,68.00,1,2000 pcs/month,15–25 days,"Dongguan, Guangdong, China",LaySun,Guangzhou / Shenzhen,Bank wire transfer (T/T); other methods confirmed in writing,Individual export carton with foam padding; custom branding available,https://laysun.co/images/prod-olive-2025-thick-straight.webp,https://laysun.co/artificial-olive-trees,"2025 artificial olive tree, thick trunk olive fake, new model olive tree, mature olive tree artificial"
LS-OLIVE-2025-THICK-6FT,2025 Thick Straight Trunk Artificial Olive Tree – 6 ft,Artificial Plant & Flower/Artificial Trees/Artificial Olive Trees,Artificial Olive Trees,"New 2025 model with an extra-thick straight trunk for a more mature, established appearance. High demand from luxury hotel designers specifying updated interiors.",6 ft,"PE foliage, thick straight fibreglass trunk, steel wire branches, planter","Special-order options for select products: NFPA 701, EN 13501, GB 8624 B1; confirm availability for the product and order",109.00,87.00,68.00,1,2000 pcs/month,15–25 days,"Dongguan, Guangdong, China",LaySun,Guangzhou / Shenzhen,Bank wire transfer (T/T); other methods confirmed in writing,Individual export carton with foam padding; custom branding available,https://laysun.co/images/prod-olive-2025-thick-straight.webp,https://laysun.co/artificial-olive-trees,"2025 artificial olive tree, thick trunk olive fake, new model olive tree, mature olive tree artificial"
LS-OLIVE-2025-THICK-7FT,2025 Thick Straight Trunk Artificial Olive Tree – 7 ft,Artificial Plant & Flower/Artificial Trees/Artificial Olive Trees,Artificial Olive Trees,"New 2025 model with an extra-thick straight trunk for a more mature, established appearance. High demand from luxury hotel designers specifying updated interiors.",7 ft,"PE foliage, thick straight fibreglass trunk, steel wire branches, planter","Special-order options for select products: NFPA 701, EN 13501, GB 8624 B1; confirm availability for the product and order",109.00,87.00,68.00,1,2000 pcs/month,15–25 days,"Dongguan, Guangdong, China",LaySun,Guangzhou / Shenzhen,Bank wire transfer (T/T); other methods confirmed in writing,Individual export carton with foam padding; custom branding available,https://laysun.co/images/prod-olive-2025-thick-straight.webp,https://laysun.co/artificial-olive-trees,"2025 artificial olive tree, thick trunk olive fake, new model olive tree, mature olive tree artificial"
LS-OLIVE-2025-THICK-8FT,2025 Thick Straight Trunk Artificial Olive Tree – 8 ft,Artificial Plant & Flower/Artificial Trees/Artificial Olive Trees,Artificial Olive Trees,"New 2025 model with an extra-thick straight trunk for a more mature, established appearance. High demand from luxury hotel designers specifying updated interiors.",8 ft,"PE foliage, thick straight fibreglass trunk, steel wire branches, planter","Special-order options for select products: NFPA 701, EN 13501, GB 8624 B1; confirm availability for the product and order",109.00,87.00,68.00,1,2000 pcs/month,15–25 days,"Dongguan, Guangdong, China",LaySun,Guangzhou / Shenzhen,Bank wire transfer (T/T); other methods confirmed in writing,Individual export carton with foam padding; custom branding available,https://laysun.co/images/prod-olive-2025-thick-straight.webp,https://laysun.co/artificial-olive-trees,"2025 artificial olive tree, thick trunk olive fake, new model olive tree, mature olive tree artificial"
LS-OLIVE-GREEN-STEM-5FT,Green Stem Multi-branch Artificial Olive Tree – 5 ft,Artificial Plant & Flower/Artificial Trees/Artificial Olive Trees,Artificial Olive Trees,"Young green stem variant — lighter, fresher aesthetic with visible green branches contrasting with silver-green PE foliage. Suits eco-themed retail and biophilic office design.",5 ft,"PE foliage, green-finish steel wire branches, fibreglass trunk, planter","Special-order options for select products: NFPA 701, EN 13501, GB 8624 B1; confirm availability for the product and order",89.00,71.00,55.00,1,2000 pcs/month,15–25 days,"Dongguan, Guangdong, China",LaySun,Guangzhou / Shenzhen,Bank wire transfer (T/T); other methods confirmed in writing,Individual export carton with foam padding; custom branding available,https://laysun.co/images/prod-olive-green-stem.webp,https://laysun.co/artificial-olive-trees,"green stem olive tree artificial, young olive tree fake, biophilic office tree, eco retail tree"
LS-OLIVE-GREEN-STEM-6FT,Green Stem Multi-branch Artificial Olive Tree – 6 ft,Artificial Plant & Flower/Artificial Trees/Artificial Olive Trees,Artificial Olive Trees,"Young green stem variant — lighter, fresher aesthetic with visible green branches contrasting with silver-green PE foliage. Suits eco-themed retail and biophilic office design.",6 ft,"PE foliage, green-finish steel wire branches, fibreglass trunk, planter","Special-order options for select products: NFPA 701, EN 13501, GB 8624 B1; confirm availability for the product and order",89.00,71.00,55.00,1,2000 pcs/month,15–25 days,"Dongguan, Guangdong, China",LaySun,Guangzhou / Shenzhen,Bank wire transfer (T/T); other methods confirmed in writing,Individual export carton with foam padding; custom branding available,https://laysun.co/images/prod-olive-green-stem.webp,https://laysun.co/artificial-olive-trees,"green stem olive tree artificial, young olive tree fake, biophilic office tree, eco retail tree"
LS-OLIVE-GREEN-STEM-7FT,Green Stem Multi-branch Artificial Olive Tree – 7 ft,Artificial Plant & Flower/Artificial Trees/Artificial Olive Trees,Artificial Olive Trees,"Young green stem variant — lighter, fresher aesthetic with visible green branches contrasting with silver-green PE foliage. Suits eco-themed retail and biophilic office design.",7 ft,"PE foliage, green-finish steel wire branches, fibreglass trunk, planter","Special-order options for select products: NFPA 701, EN 13501, GB 8624 B1; confirm availability for the product and order",89.00,71.00,55.00,1,2000 pcs/month,15–25 days,"Dongguan, Guangdong, China",LaySun,Guangzhou / Shenzhen,Bank wire transfer (T/T); other methods confirmed in writing,Individual export carton with foam padding; custom branding available,https://laysun.co/images/prod-olive-green-stem.webp,https://laysun.co/artificial-olive-trees,"green stem olive tree artificial, young olive tree fake, biophilic office tree, eco retail tree"
LS-OLIVE-VELVET-5FT,Velvet Flock Artificial Olive Tree – 5 ft,Artificial Plant & Flower/Artificial Trees/Artificial Olive Trees,Artificial Olive Trees,"Unique velvet-flocked foliage finish for a tactile, ultra-realistic leaf texture. Preferred for close-contact display contexts — boutique hotel reception, luxury retail pop-up, event design.",5 ft,"Velvet-flock coated foliage, steel wire branches, fibreglass trunk, planter","Special-order options for select products: NFPA 701, EN 13501, GB 8624 B1; confirm availability for the product and order",119.00,95.00,74.00,1,2000 pcs/month,20–30 days,"Dongguan, Guangdong, China",LaySun,Guangzhou / Shenzhen,Bank wire transfer (T/T); other methods confirmed in writing,Individual export carton with foam padding; custom branding available,https://laysun.co/images/prod-olive-velvet.webp,https://laysun.co/artificial-olive-trees,"velvet flock olive tree, flocked artificial tree, luxury fake olive tree, tactile artificial tree, event tree"
LS-OLIVE-VELVET-6FT,Velvet Flock Artificial Olive Tree – 6 ft,Artificial Plant & Flower/Artificial Trees/Artificial Olive Trees,Artificial Olive Trees,"Unique velvet-flocked foliage finish for a tactile, ultra-realistic leaf texture. Preferred for close-contact display contexts — boutique hotel reception, luxury retail pop-up, event design.",6 ft,"Velvet-flock coated foliage, steel wire branches, fibreglass trunk, planter","Special-order options for select products: NFPA 701, EN 13501, GB 8624 B1; confirm availability for the product and order",119.00,95.00,74.00,1,2000 pcs/month,20–30 days,"Dongguan, Guangdong, China",LaySun,Guangzhou / Shenzhen,Bank wire transfer (T/T); other methods confirmed in writing,Individual export carton with foam padding; custom branding available,https://laysun.co/images/prod-olive-velvet.webp,https://laysun.co/artificial-olive-trees,"velvet flock olive tree, flocked artificial tree, luxury fake olive tree, tactile artificial tree, event tree"
LS-FLF-CURVED-5FT,Commercial Artificial Curved Trunk Fiddle Leaf Fig Tree – 5 ft,Artificial Plant & Flower/Artificial Trees/Artificial Ficus Trees,Artificial Fiddle Leaf Fig & Ficus,"The most-specified artificial fiddle leaf fig for interior designers — curved trunk, large dramatic leaves, ideal for hotel lobbies, corporate offices and residential commercial. A special-order NFPA 701 option is available for select configurations.",5 ft,"Large PE fiddle leaf fig leaves, curved steel armature trunk, weighted planter base","Special-order options for select products: NFPA 701, EN 13501, GB 8624 B1; confirm availability for the product and order",79.00,63.00,49.00,1,2000 pcs/month,15–25 days,"Dongguan, Guangdong, China",LaySun,Guangzhou / Shenzhen,Bank wire transfer (T/T); other methods confirmed in writing,Individual export carton with foam padding; custom branding available,https://laysun.co/images/prod-flfig-curved.webp,https://laysun.co/artificial-fiddle-leaf-fig,"artificial fiddle leaf fig, fake fiddle leaf fig commercial, curved trunk fiddle leaf, hotel fiddle leaf fig, NFPA 701 fiddle leaf"
LS-FLF-CURVED-6FT,Commercial Artificial Curved Trunk Fiddle Leaf Fig Tree – 6 ft,Artificial Plant & Flower/Artificial Trees/Artificial Ficus Trees,Artificial Fiddle Leaf Fig & Ficus,"The most-specified artificial fiddle leaf fig for interior designers — curved trunk, large dramatic leaves, ideal for hotel lobbies, corporate offices and residential commercial. A special-order NFPA 701 option is available for select configurations.",6 ft,"Large PE fiddle leaf fig leaves, curved steel armature trunk, weighted planter base","Special-order options for select products: NFPA 701, EN 13501, GB 8624 B1; confirm availability for the product and order",79.00,63.00,49.00,1,2000 pcs/month,15–25 days,"Dongguan, Guangdong, China",LaySun,Guangzhou / Shenzhen,Bank wire transfer (T/T); other methods confirmed in writing,Individual export carton with foam padding; custom branding available,https://laysun.co/images/prod-flfig-curved.webp,https://laysun.co/artificial-fiddle-leaf-fig,"artificial fiddle leaf fig, fake fiddle leaf fig commercial, curved trunk fiddle leaf, hotel fiddle leaf fig, NFPA 701 fiddle leaf"
LS-FLF-CURVED-7FT,Commercial Artificial Curved Trunk Fiddle Leaf Fig Tree – 7 ft,Artificial Plant & Flower/Artificial Trees/Artificial Ficus Trees,Artificial Fiddle Leaf Fig & Ficus,"The most-specified artificial fiddle leaf fig for interior designers — curved trunk, large dramatic leaves, ideal for hotel lobbies, corporate offices and residential commercial. A special-order NFPA 701 option is available for select configurations.",7 ft,"Large PE fiddle leaf fig leaves, curved steel armature trunk, weighted planter base","Special-order options for select products: NFPA 701, EN 13501, GB 8624 B1; confirm availability for the product and order",79.00,63.00,49.00,1,2000 pcs/month,15–25 days,"Dongguan, Guangdong, China",LaySun,Guangzhou / Shenzhen,Bank wire transfer (T/T); other methods confirmed in writing,Individual export carton with foam padding; custom branding available,https://laysun.co/images/prod-flfig-curved.webp,https://laysun.co/artificial-fiddle-leaf-fig,"artificial fiddle leaf fig, fake fiddle leaf fig commercial, curved trunk fiddle leaf, hotel fiddle leaf fig, NFPA 701 fiddle leaf"
LS-FLF-WOOD-TRUNK-6FT,Commercial Artificial Real Wood Trunk Fiddle Leaf Fig Tree – 6 ft,Artificial Plant & Flower/Artificial Trees/Artificial Ficus Trees,Artificial Fiddle Leaf Fig & Ficus,Natural wood trunk gives unrivalled authenticity for premium hospitality interiors. Preserved timber trunk with hand-placed PE leaves — a top specification for luxury boutique hotels and designer showrooms.,6 ft,"Large PE fiddle leaf fig leaves, natural preserved wood trunk, planter base","Special-order options for select products: NFPA 701, EN 13501, GB 8624 B1; confirm availability for the product and order",109.00,87.00,68.00,1,2000 pcs/month,20–30 days,"Dongguan, Guangdong, China",LaySun,Guangzhou / Shenzhen,Bank wire transfer (T/T); other methods confirmed in writing,Individual export carton with foam padding; custom branding available,https://laysun.co/images/prod-flfig-wood-trunk.webp,https://laysun.co/artificial-fiddle-leaf-fig,"real wood trunk fiddle leaf fig, authentic fake fiddle leaf, luxury artificial fiddle leaf, preserved wood tree"
LS-FLF-MULTI-7FT,Commercial Artificial Multi-branch Fiddle Leaf Fig Tree – 7 ft,Artificial Plant & Flower/Artificial Trees/Artificial Ficus Trees,Artificial Fiddle Leaf Fig & Ficus,"Multi-stem fiddle leaf fig with a full, lush silhouette — more dramatic visual impact than single-stem. Popular for hotel lounge areas and large corporate reception spaces.",7 ft,"PE fiddle leaf fig leaves, multi-stem steel armature, weighted planter","Special-order options for select products: NFPA 701, EN 13501, GB 8624 B1; confirm availability for the product and order",119.00,95.00,74.00,1,2000 pcs/month,20–30 days,"Dongguan, Guangdong, China",LaySun,Guangzhou / Shenzhen,Bank wire transfer (T/T); other methods confirmed in writing,Individual export carton with foam padding; custom branding available,https://laysun.co/images/prod-flfig-multi-branch.webp,https://laysun.co/artificial-fiddle-leaf-fig,"multi branch fiddle leaf fig artificial, multi stem fiddle leaf fake, full fiddle leaf tree, lounge fiddle leaf fig"
LS-FICUS-LARGE-HEAD-8FT,Commercial Artificial Large Head Mini Ficus Tree – 8 ft,Artificial Plant & Flower/Artificial Trees/Artificial Ficus Trees,Artificial Fiddle Leaf Fig & Ficus,Oversized dense-canopy ficus with a proportionally large head — a bold statement piece for hotel atriums and large-volume commercial spaces at 8 ft.,8 ft,"Dense PE ficus leaves, large-head wire armature, fibreglass trunk, planter","Special-order options for select products: NFPA 701, EN 13501, GB 8624 B1; confirm availability for the product and order",129.00,103.00,80.00,1,2000 pcs/month,20–30 days,"Dongguan, Guangdong, China",LaySun,Guangzhou / Shenzhen,Bank wire transfer (T/T); other methods confirmed in writing,Individual export carton with foam padding; custom branding available,https://laysun.co/images/prod-ficus-large-head.webp,https://laysun.co/artificial-fiddle-leaf-fig,"large head ficus artificial, oversized ficus tree, big canopy ficus fake, atrium ficus tree"
LS-FICUS-THREE-TRUNK-5FT,Commercial Artificial Three-trunk Real Wood Ficus Tree – 5 ft,Artificial Plant & Flower/Artificial Trees/Artificial Ficus Trees,Artificial Fiddle Leaf Fig & Ficus,Three-stem real wood ficus — dramatic multi-trunk configuration for high-impact hotel lobby installations. Natural wood trunks provide authentic texture and warmth.,5 ft,"PE ficus leaves, three natural wood trunks, planter base","Special-order options for select products: NFPA 701, EN 13501, GB 8624 B1; confirm availability for the product and order",139.00,111.00,86.00,1,2000 pcs/month,20–30 days,"Dongguan, Guangdong, China",LaySun,Guangzhou / Shenzhen,Bank wire transfer (T/T); other methods confirmed in writing,Individual export carton with foam padding; custom branding available,https://laysun.co/images/prod-ficus-three-trunk.webp,https://laysun.co/artificial-fiddle-leaf-fig,"three trunk ficus artificial, multi trunk real wood ficus, natural ficus tree fake, luxury ficus tree"
LS-FICUS-THREE-TRUNK-6FT,Commercial Artificial Three-trunk Real Wood Ficus Tree – 6 ft,Artificial Plant & Flower/Artificial Trees/Artificial Ficus Trees,Artificial Fiddle Leaf Fig & Ficus,Three-stem real wood ficus — dramatic multi-trunk configuration for high-impact hotel lobby installations. Natural wood trunks provide authentic texture and warmth.,6 ft,"PE ficus leaves, three natural wood trunks, planter base","Special-order options for select products: NFPA 701, EN 13501, GB 8624 B1; confirm availability for the product and order",139.00,111.00,86.00,1,2000 pcs/month,20–30 days,"Dongguan, Guangdong, China",LaySun,Guangzhou / Shenzhen,Bank wire transfer (T/T); other methods confirmed in writing,Individual export carton with foam padding; custom branding available,https://laysun.co/images/prod-ficus-three-trunk.webp,https://laysun.co/artificial-fiddle-leaf-fig,"three trunk ficus artificial, multi trunk real wood ficus, natural ficus tree fake, luxury ficus tree"
LS-FICUS-TWO-TRUNK-5FT,Commercial Artificial Two-trunk Real Wood Ficus Tree – 5 ft,Artificial Plant & Flower/Artificial Trees/Artificial Ficus Trees,Artificial Fiddle Leaf Fig & Ficus,"Twin natural wood trunk ficus for a balanced, organic composition. Widely used in hotel room lobbies, spa reception and premium co-working environments.",5 ft,"PE ficus leaves, twin natural wood trunks, planter base","Special-order options for select products: NFPA 701, EN 13501, GB 8624 B1; confirm availability for the product and order",119.00,95.00,74.00,1,2000 pcs/month,20–30 days,"Dongguan, Guangdong, China",LaySun,Guangzhou / Shenzhen,Bank wire transfer (T/T); other methods confirmed in writing,Individual export carton with foam padding; custom branding available,https://laysun.co/images/prod-ficus-two-trunk.webp,https://laysun.co/artificial-fiddle-leaf-fig,"two trunk ficus artificial, twin trunk wood ficus, spa ficus tree, co-working artificial tree"
LS-FICUS-TWO-TRUNK-6FT,Commercial Artificial Two-trunk Real Wood Ficus Tree – 6 ft,Artificial Plant & Flower/Artificial Trees/Artificial Ficus Trees,Artificial Fiddle Leaf Fig & Ficus,"Twin natural wood trunk ficus for a balanced, organic composition. Widely used in hotel room lobbies, spa reception and premium co-working environments.",6 ft,"PE ficus leaves, twin natural wood trunks, planter base","Special-order options for select products: NFPA 701, EN 13501, GB 8624 B1; confirm availability for the product and order",119.00,95.00,74.00,1,2000 pcs/month,20–30 days,"Dongguan, Guangdong, China",LaySun,Guangzhou / Shenzhen,Bank wire transfer (T/T); other methods confirmed in writing,Individual export carton with foam padding; custom branding available,https://laysun.co/images/prod-ficus-two-trunk.webp,https://laysun.co/artificial-fiddle-leaf-fig,"two trunk ficus artificial, twin trunk wood ficus, spa ficus tree, co-working artificial tree"
LS-FICUS-CURVED-4FT,Commercial Artificial Curved Trunk Ficus Tree – 4 ft,Artificial Plant & Flower/Artificial Trees/Artificial Ficus Trees,Artificial Fiddle Leaf Fig & Ficus,"Graceful curved-trunk ficus — a versatile specification at 4–6 ft for hotel corridors, restaurant dividers and retail displays. Strong seller in European hospitality markets.",4 ft,"PE ficus leaves, curved fibreglass trunk, steel wire branches, planter","Special-order options for select products: NFPA 701, EN 13501, GB 8624 B1; confirm availability for the product and order",79.00,63.00,49.00,1,2000 pcs/month,15–25 days,"Dongguan, Guangdong, China",LaySun,Guangzhou / Shenzhen,Bank wire transfer (T/T); other methods confirmed in writing,Individual export carton with foam padding; custom branding available,https://laysun.co/images/prod-ficus-curved.webp,https://laysun.co/artificial-fiddle-leaf-fig,"curved trunk ficus artificial, curved fake ficus, restaurant ficus tree, hotel corridor ficus"
LS-FICUS-CURVED-5FT,Commercial Artificial Curved Trunk Ficus Tree – 5 ft,Artificial Plant & Flower/Artificial Trees/Artificial Ficus Trees,Artificial Fiddle Leaf Fig & Ficus,"Graceful curved-trunk ficus — a versatile specification at 4–6 ft for hotel corridors, restaurant dividers and retail displays. Strong seller in European hospitality markets.",5 ft,"PE ficus leaves, curved fibreglass trunk, steel wire branches, planter","Special-order options for select products: NFPA 701, EN 13501, GB 8624 B1; confirm availability for the product and order",79.00,63.00,49.00,1,2000 pcs/month,15–25 days,"Dongguan, Guangdong, China",LaySun,Guangzhou / Shenzhen,Bank wire transfer (T/T); other methods confirmed in writing,Individual export carton with foam padding; custom branding available,https://laysun.co/images/prod-ficus-curved.webp,https://laysun.co/artificial-fiddle-leaf-fig,"curved trunk ficus artificial, curved fake ficus, restaurant ficus tree, hotel corridor ficus"
LS-FICUS-CURVED-6FT,Commercial Artificial Curved Trunk Ficus Tree – 6 ft,Artificial Plant & Flower/Artificial Trees/Artificial Ficus Trees,Artificial Fiddle Leaf Fig & Ficus,"Graceful curved-trunk ficus — a versatile specification at 4–6 ft for hotel corridors, restaurant dividers and retail displays. Strong seller in European hospitality markets.",6 ft,"PE ficus leaves, curved fibreglass trunk, steel wire branches, planter","Special-order options for select products: NFPA 701, EN 13501, GB 8624 B1; confirm availability for the product and order",79.00,63.00,49.00,1,2000 pcs/month,15–25 days,"Dongguan, Guangdong, China",LaySun,Guangzhou / Shenzhen,Bank wire transfer (T/T); other methods confirmed in writing,Individual export carton with foam padding; custom branding available,https://laysun.co/images/prod-ficus-curved.webp,https://laysun.co/artificial-fiddle-leaf-fig,"curved trunk ficus artificial, curved fake ficus, restaurant ficus tree, hotel corridor ficus"
LS-FICUS-VARIEGATED-5FT,Commercial Artificial Variegated White-edge Ficus Tree – 5 ft,Artificial Plant & Flower/Artificial Trees/Artificial Ficus Trees,Artificial Fiddle Leaf Fig & Ficus,"Distinctive white-edged variegated ficus — a design-forward choice for boutique hotels, contemporary retail and creative workspaces. Unusual variegated colouring attracts social media attention.",5 ft,"Variegated PE ficus leaves (green with white edges), steel armature, fibreglass trunk, planter","Special-order options for select products: NFPA 701, EN 13501, GB 8624 B1; confirm availability for the product and order",95.00,76.00,59.00,1,2000 pcs/month,20–30 days,"Dongguan, Guangdong, China",LaySun,Guangzhou / Shenzhen,Bank wire transfer (T/T); other methods confirmed in writing,Individual export carton with foam padding; custom branding available,https://laysun.co/images/prod-ficus-variegated.webp,https://laysun.co/artificial-fiddle-leaf-fig,"variegated ficus artificial, white edge ficus fake, designer ficus tree, boutique hotel tree, unique artificial tree"
LS-FICUS-VARIEGATED-6FT,Commercial Artificial Variegated White-edge Ficus Tree – 6 ft,Artificial Plant & Flower/Artificial Trees/Artificial Ficus Trees,Artificial Fiddle Leaf Fig & Ficus,"Distinctive white-edged variegated ficus — a design-forward choice for boutique hotels, contemporary retail and creative workspaces. Unusual variegated colouring attracts social media attention.",6 ft,"Variegated PE ficus leaves (green with white edges), steel armature, fibreglass trunk, planter","Special-order options for select products: NFPA 701, EN 13501, GB 8624 B1; confirm availability for the product and order",95.00,76.00,59.00,1,2000 pcs/month,20–30 days,"Dongguan, Guangdong, China",LaySun,Guangzhou / Shenzhen,Bank wire transfer (T/T); other methods confirmed in writing,Individual export carton with foam padding; custom branding available,https://laysun.co/images/prod-ficus-variegated.webp,https://laysun.co/artificial-fiddle-leaf-fig,"variegated ficus artificial, white edge ficus fake, designer ficus tree, boutique hotel tree, unique artificial tree"
LS-FICUS-VARIEGATED-7FT,Commercial Artificial Variegated White-edge Ficus Tree – 7 ft,Artificial Plant & Flower/Artificial Trees/Artificial Ficus Trees,Artificial Fiddle Leaf Fig & Ficus,"Distinctive white-edged variegated ficus — a design-forward choice for boutique hotels, contemporary retail and creative workspaces. Unusual variegated colouring attracts social media attention.",7 ft,"Variegated PE ficus leaves (green with white edges), steel armature, fibreglass trunk, planter","Special-order options for select products: NFPA 701, EN 13501, GB 8624 B1; confirm availability for the product and order",95.00,76.00,59.00,1,2000 pcs/month,20–30 days,"Dongguan, Guangdong, China",LaySun,Guangzhou / Shenzhen,Bank wire transfer (T/T); other methods confirmed in writing,Individual export carton with foam padding; custom branding available,https://laysun.co/images/prod-ficus-variegated.webp,https://laysun.co/artificial-fiddle-leaf-fig,"variegated ficus artificial, white edge ficus fake, designer ficus tree, boutique hotel tree, unique artificial tree"
LS-FLOWER-CAMELLIA-RED-2-5FT,Commercial Artificial Red Camellia Tree – 2.5 ft,Artificial Plant & Flower/Artificial Trees/Artificial Flower Trees,Artificial Flowering Trees,"Striking red camellia tree for hotel lobbies, event design and restaurant entrances. Vibrant silk camellia blooms at 2.5–7 ft. Fire-rated. Strong seasonal demand from hospitality buyers worldwide.",2.5 ft,"Silk/PE red camellia blooms, wire branch frame, fibreglass trunk, decorative pot","Special-order options for select products: NFPA 701, EN 13501, GB 8624 B1; confirm availability for the product and order",45.00,36.00,28.00,1,2000 pcs/month,15–25 days,"Dongguan, Guangdong, China",LaySun,Guangzhou / Shenzhen,Bank wire transfer (T/T); other methods confirmed in writing,Individual export carton with foam padding; custom branding available,https://laysun.co/images/prod-camellia-red.webp,https://laysun.co/artificial-flowering-trees,"artificial red camellia tree, fake camellia tree, floral artificial tree, hotel event tree, silk camellia tree"
LS-FLOWER-CAMELLIA-RED-3FT,Commercial Artificial Red Camellia Tree – 3 ft,Artificial Plant & Flower/Artificial Trees/Artificial Flower Trees,Artificial Flowering Trees,"Striking red camellia tree for hotel lobbies, event design and restaurant entrances. Vibrant silk camellia blooms at 2.5–7 ft. Fire-rated. Strong seasonal demand from hospitality buyers worldwide.",3 ft,"Silk/PE red camellia blooms, wire branch frame, fibreglass trunk, decorative pot","Special-order options for select products: NFPA 701, EN 13501, GB 8624 B1; confirm availability for the product and order",45.00,36.00,28.00,1,2000 pcs/month,15–25 days,"Dongguan, Guangdong, China",LaySun,Guangzhou / Shenzhen,Bank wire transfer (T/T); other methods confirmed in writing,Individual export carton with foam padding; custom branding available,https://laysun.co/images/prod-camellia-red.webp,https://laysun.co/artificial-flowering-trees,"artificial red camellia tree, fake camellia tree, floral artificial tree, hotel event tree, silk camellia tree"
LS-FLOWER-CAMELLIA-RED-4FT,Commercial Artificial Red Camellia Tree – 4 ft,Artificial Plant & Flower/Artificial Trees/Artificial Flower Trees,Artificial Flowering Trees,"Striking red camellia tree for hotel lobbies, event design and restaurant entrances. Vibrant silk camellia blooms at 2.5–7 ft. Fire-rated. Strong seasonal demand from hospitality buyers worldwide.",4 ft,"Silk/PE red camellia blooms, wire branch frame, fibreglass trunk, decorative pot","Special-order options for select products: NFPA 701, EN 13501, GB 8624 B1; confirm availability for the product and order",45.00,36.00,28.00,1,2000 pcs/month,15–25 days,"Dongguan, Guangdong, China",LaySun,Guangzhou / Shenzhen,Bank wire transfer (T/T); other methods confirmed in writing,Individual export carton with foam padding; custom branding available,https://laysun.co/images/prod-camellia-red.webp,https://laysun.co/artificial-flowering-trees,"artificial red camellia tree, fake camellia tree, floral artificial tree, hotel event tree, silk camellia tree"
LS-FLOWER-CAMELLIA-RED-5FT,Commercial Artificial Red Camellia Tree – 5 ft,Artificial Plant & Flower/Artificial Trees/Artificial Flower Trees,Artificial Flowering Trees,"Striking red camellia tree for hotel lobbies, event design and restaurant entrances. Vibrant silk camellia blooms at 2.5–7 ft. Fire-rated. Strong seasonal demand from hospitality buyers worldwide.",5 ft,"Silk/PE red camellia blooms, wire branch frame, fibreglass trunk, decorative pot","Special-order options for select products: NFPA 701, EN 13501, GB 8624 B1; confirm availability for the product and order",45.00,36.00,28.00,1,2000 pcs/month,15–25 days,"Dongguan, Guangdong, China",LaySun,Guangzhou / Shenzhen,Bank wire transfer (T/T); other methods confirmed in writing,Individual export carton with foam padding; custom branding available,https://laysun.co/images/prod-camellia-red.webp,https://laysun.co/artificial-flowering-trees,"artificial red camellia tree, fake camellia tree, floral artificial tree, hotel event tree, silk camellia tree"
LS-FLOWER-CAMELLIA-RED-6FT,Commercial Artificial Red Camellia Tree – 6 ft,Artificial Plant & Flower/Artificial Trees/Artificial Flower Trees,Artificial Flowering Trees,"Striking red camellia tree for hotel lobbies, event design and restaurant entrances. Vibrant silk camellia blooms at 2.5–7 ft. Fire-rated. Strong seasonal demand from hospitality buyers worldwide.",6 ft,"Silk/PE red camellia blooms, wire branch frame, fibreglass trunk, decorative pot","Special-order options for select products: NFPA 701, EN 13501, GB 8624 B1; confirm availability for the product and order",45.00,36.00,28.00,1,2000 pcs/month,15–25 days,"Dongguan, Guangdong, China",LaySun,Guangzhou / Shenzhen,Bank wire transfer (T/T); other methods confirmed in writing,Individual export carton with foam padding; custom branding available,https://laysun.co/images/prod-camellia-red.webp,https://laysun.co/artificial-flowering-trees,"artificial red camellia tree, fake camellia tree, floral artificial tree, hotel event tree, silk camellia tree"
LS-FLOWER-CAMELLIA-RED-7FT,Commercial Artificial Red Camellia Tree – 7 ft,Artificial Plant & Flower/Artificial Trees/Artificial Flower Trees,Artificial Flowering Trees,"Striking red camellia tree for hotel lobbies, event design and restaurant entrances. Vibrant silk camellia blooms at 2.5–7 ft. Fire-rated. Strong seasonal demand from hospitality buyers worldwide.",7 ft,"Silk/PE red camellia blooms, wire branch frame, fibreglass trunk, decorative pot","Special-order options for select products: NFPA 701, EN 13501, GB 8624 B1; confirm availability for the product and order",45.00,36.00,28.00,1,2000 pcs/month,15–25 days,"Dongguan, Guangdong, China",LaySun,Guangzhou / Shenzhen,Bank wire transfer (T/T); other methods confirmed in writing,Individual export carton with foam padding; custom branding available,https://laysun.co/images/prod-camellia-red.webp,https://laysun.co/artificial-flowering-trees,"artificial red camellia tree, fake camellia tree, floral artificial tree, hotel event tree, silk camellia tree"
LS-FLOWER-CAMELLIA-WHITE-4-5FT,Commercial Artificial White Camellia Tree – 4.5 ft,Artificial Plant & Flower/Artificial Trees/Artificial Flower Trees,Artificial Flowering Trees,"Elegant white camellia tree — a perennial choice for luxury hotel lobbies, bridal events and high-end retail displays. Clean and timeless in white.",4.5 ft,"Silk/PE white camellia blooms, wire branch frame, fibreglass trunk, decorative pot","Special-order options for select products: NFPA 701, EN 13501, GB 8624 B1; confirm availability for the product and order",48.00,38.00,30.00,1,2000 pcs/month,15–25 days,"Dongguan, Guangdong, China",LaySun,Guangzhou / Shenzhen,Bank wire transfer (T/T); other methods confirmed in writing,Individual export carton with foam padding; custom branding available,https://laysun.co/images/prod-camellia-white.webp,https://laysun.co/artificial-flowering-trees,"artificial white camellia tree, white floral tree fake, bridal event tree, luxury hotel flower tree"
LS-FLOWER-CAMELLIA-WHITE-6FT,Commercial Artificial White Camellia Tree – 6 ft,Artificial Plant & Flower/Artificial Trees/Artificial Flower Trees,Artificial Flowering Trees,"Elegant white camellia tree — a perennial choice for luxury hotel lobbies, bridal events and high-end retail displays. Clean and timeless in white.",6 ft,"Silk/PE white camellia blooms, wire branch frame, fibreglass trunk, decorative pot","Special-order options for select products: NFPA 701, EN 13501, GB 8624 B1; confirm availability for the product and order",48.00,38.00,30.00,1,2000 pcs/month,15–25 days,"Dongguan, Guangdong, China",LaySun,Guangzhou / Shenzhen,Bank wire transfer (T/T); other methods confirmed in writing,Individual export carton with foam padding; custom branding available,https://laysun.co/images/prod-camellia-white.webp,https://laysun.co/artificial-flowering-trees,"artificial white camellia tree, white floral tree fake, bridal event tree, luxury hotel flower tree"
LS-FLOWER-CAMELLIA-PINK-4FT,Commercial Artificial Pink Camellia Tree – 4 ft,Artificial Plant & Flower/Artificial Trees/Artificial Flower Trees,Artificial Flowering Trees,"Soft pink camellia tree — a romantic accent piece for boutique hotels, beauty spas, bridal suites and luxury retail displays.",4 ft,"Silk/PE pink camellia blooms, wire branch frame, fibreglass trunk, decorative pot","Special-order options for select products: NFPA 701, EN 13501, GB 8624 B1; confirm availability for the product and order",45.00,36.00,28.00,1,2000 pcs/month,15–25 days,"Dongguan, Guangdong, China",LaySun,Guangzhou / Shenzhen,Bank wire transfer (T/T); other methods confirmed in writing,Individual export carton with foam padding; custom branding available,https://laysun.co/images/prod-camellia-pink.webp,https://laysun.co/artificial-flowering-trees,"artificial pink camellia tree, pink floral fake tree, spa hotel tree, romantic artificial tree"
LS-FLOWER-CAMELLIA-YELLOW-6FT,Commercial Artificial Yellow Camellia Tree – 6 ft,Artificial Plant & Flower/Artificial Trees/Artificial Flower Trees,Artificial Flowering Trees,"Bold yellow camellia tree for sunny, energetic commercial interiors — restaurant entrances, retail shopfronts and event installations requiring a warm colour accent.",6 ft,"Silk/PE yellow camellia blooms, wire branch frame, fibreglass trunk, decorative pot","Special-order options for select products: NFPA 701, EN 13501, GB 8624 B1; confirm availability for the product and order",48.00,38.00,30.00,1,2000 pcs/month,15–25 days,"Dongguan, Guangdong, China",LaySun,Guangzhou / Shenzhen,Bank wire transfer (T/T); other methods confirmed in writing,Individual export carton with foam padding; custom branding available,https://laysun.co/images/prod-camellia-yellow.webp,https://laysun.co/artificial-flowering-trees,"artificial yellow camellia tree, yellow floral fake tree, bold flower tree commercial, warm colour artificial tree"
LS-FLOWER-HYDRANGEA-PINK-5FT,Commercial Artificial Pink Hydrangea Tree – 5 ft,Artificial Plant & Flower/Artificial Trees/Artificial Flower Trees,Artificial Flowering Trees,"Lush pink hydrangea ball tree — a popular choice for luxury wedding venues, boutique hotel lobbies and spa reception areas.",5 ft,"Silk/PE pink hydrangea clusters, wire branch frame, fibreglass trunk, decorative pot","Special-order options for select products: NFPA 701, EN 13501, GB 8624 B1; confirm availability for the product and order",55.00,44.00,34.00,1,2000 pcs/month,15–25 days,"Dongguan, Guangdong, China",LaySun,Guangzhou / Shenzhen,Bank wire transfer (T/T); other methods confirmed in writing,Individual export carton with foam padding; custom branding available,https://laysun.co/images/prod-hydrangea-pink.webp,https://laysun.co/artificial-flowering-trees,"artificial pink hydrangea tree, fake hydrangea tree, wedding venue tree artificial, spa hotel flower tree"
LS-FLOWER-HYDRANGEA-PURPLE-4FT,Commercial Artificial Purple Hydrangea Tree – 4 ft,Artificial Plant & Flower/Artificial Trees/Artificial Flower Trees,Artificial Flowering Trees,"Rich purple hydrangea tree — luxurious accent for high-end event design, boutique hotel lobbies and upscale dining.",4 ft,"Silk/PE purple hydrangea clusters, wire branch frame, fibreglass trunk, decorative pot","Special-order options for select products: NFPA 701, EN 13501, GB 8624 B1; confirm availability for the product and order",55.00,44.00,34.00,1,2000 pcs/month,15–25 days,"Dongguan, Guangdong, China",LaySun,Guangzhou / Shenzhen,Bank wire transfer (T/T); other methods confirmed in writing,Individual export carton with foam padding; custom branding available,https://laysun.co/images/prod-hydrangea-purple.webp,https://laysun.co/artificial-flowering-trees,"artificial purple hydrangea tree, fake purple flower tree, luxury event tree, boutique hotel purple tree"
LS-FLOWER-HYDRANGEA-BLUE-5FT,Commercial Artificial Blue Hydrangea Tree – 5 ft,Artificial Plant & Flower/Artificial Trees/Artificial Flower Trees,Artificial Flowering Trees,"Cool blue hydrangea tree — a calming presence for spa interiors, healthcare lobbies and contemporary hotel reception areas.",5 ft,"Silk/PE blue hydrangea clusters, wire branch frame, fibreglass trunk, decorative pot","Special-order options for select products: NFPA 701, EN 13501, GB 8624 B1; confirm availability for the product and order",55.00,44.00,34.00,1,2000 pcs/month,15–25 days,"Dongguan, Guangdong, China",LaySun,Guangzhou / Shenzhen,Bank wire transfer (T/T); other methods confirmed in writing,Individual export carton with foam padding; custom branding available,https://laysun.co/images/prod-hydrangea-blue.webp,https://laysun.co/artificial-flowering-trees,"artificial blue hydrangea tree, blue flower tree fake, spa hydrangea tree, healthcare lobby tree"
LS-FLOWER-BOUG-WOOD-6FT,Commercial Artificial Real Wood Trunk Bougainvillea Tree – 6 ft,Artificial Plant & Flower/Artificial Trees/Artificial Flower Trees,Artificial Flowering Trees,"Magnificent bougainvillea tree with a genuine natural wood trunk — dripping with silk bracts. A dramatic centrepiece for resort lobbies, Mediterranean-themed restaurants and outdoor terrace displays.",6 ft,"Silk bougainvillea bracts, natural preserved wood trunk with vine texture, planter base","Special-order options for select products: NFPA 701, EN 13501, GB 8624 B1; confirm availability for the product and order",95.00,76.00,59.00,1,2000 pcs/month,20–35 days,"Dongguan, Guangdong, China",LaySun,Guangzhou / Shenzhen,Bank wire transfer (T/T); other methods confirmed in writing,Individual export carton with foam padding; custom branding available,https://laysun.co/images/prod-bougainvillea-wood-trunk.webp,https://laysun.co/artificial-flowering-trees,"artificial bougainvillea tree real wood, fake bougainvillea tree large, resort lobby bougainvillea, Mediterranean artificial tree"
LS-FLOWER-BOUG-WOOD-7-5FT,Commercial Artificial Real Wood Trunk Bougainvillea Tree – 7.5 ft,Artificial Plant & Flower/Artificial Trees/Artificial Flower Trees,Artificial Flowering Trees,"Magnificent bougainvillea tree with a genuine natural wood trunk — dripping with silk bracts. A dramatic centrepiece for resort lobbies, Mediterranean-themed restaurants and outdoor terrace displays.",7.5 ft,"Silk bougainvillea bracts, natural preserved wood trunk with vine texture, planter base","Special-order options for select products: NFPA 701, EN 13501, GB 8624 B1; confirm availability for the product and order",95.00,76.00,59.00,1,2000 pcs/month,20–35 days,"Dongguan, Guangdong, China",LaySun,Guangzhou / Shenzhen,Bank wire transfer (T/T); other methods confirmed in writing,Individual export carton with foam padding; custom branding available,https://laysun.co/images/prod-bougainvillea-wood-trunk.webp,https://laysun.co/artificial-flowering-trees,"artificial bougainvillea tree real wood, fake bougainvillea tree large, resort lobby bougainvillea, Mediterranean artificial tree"
LS-FLOWER-BOUG-WOOD-8FT,Commercial Artificial Real Wood Trunk Bougainvillea Tree – 8 ft,Artificial Plant & Flower/Artificial Trees/Artificial Flower Trees,Artificial Flowering Trees,"Magnificent bougainvillea tree with a genuine natural wood trunk — dripping with silk bracts. A dramatic centrepiece for resort lobbies, Mediterranean-themed restaurants and outdoor terrace displays.",8 ft,"Silk bougainvillea bracts, natural preserved wood trunk with vine texture, planter base","Special-order options for select products: NFPA 701, EN 13501, GB 8624 B1; confirm availability for the product and order",95.00,76.00,59.00,1,2000 pcs/month,20–35 days,"Dongguan, Guangdong, China",LaySun,Guangzhou / Shenzhen,Bank wire transfer (T/T); other methods confirmed in writing,Individual export carton with foam padding; custom branding available,https://laysun.co/images/prod-bougainvillea-wood-trunk.webp,https://laysun.co/artificial-flowering-trees,"artificial bougainvillea tree real wood, fake bougainvillea tree large, resort lobby bougainvillea, Mediterranean artificial tree"
LS-FLOWER-BOUG-PINK-5FT,Commercial Artificial Pink Bougainvillea Tree – 5 ft,Artificial Plant & Flower/Artificial Trees/Artificial Flower Trees,Artificial Flowering Trees,"Vivid pink bougainvillea tree for outdoor-feel commercial interiors, resort pools, restaurant terraces and tropical-themed retail displays. UV-stabilised version available.",5 ft,"Silk pink bougainvillea bracts, steel wire trunk with vine texture, planter base","Special-order options for select products: NFPA 701, EN 13501, GB 8624 B1; confirm availability for the product and order",65.00,52.00,40.00,1,2000 pcs/month,15–25 days,"Dongguan, Guangdong, China",LaySun,Guangzhou / Shenzhen,Bank wire transfer (T/T); other methods confirmed in writing,Individual export carton with foam padding; custom branding available,https://laysun.co/images/prod-bougainvillea-pink.webp,https://laysun.co/artificial-flowering-trees,"artificial pink bougainvillea tree, fake bougainvillea indoor, tropical artificial tree, resort bougainvillea"
LS-FLOWER-BOUG-PINK-6FT,Commercial Artificial Pink Bougainvillea Tree – 6 ft,Artificial Plant & Flower/Artificial Trees/Artificial Flower Trees,Artificial Flowering Trees,"Vivid pink bougainvillea tree for outdoor-feel commercial interiors, resort pools, restaurant terraces and tropical-themed retail displays. UV-stabilised version available.",6 ft,"Silk pink bougainvillea bracts, steel wire trunk with vine texture, planter base","Special-order options for select products: NFPA 701, EN 13501, GB 8624 B1; confirm availability for the product and order",65.00,52.00,40.00,1,2000 pcs/month,15–25 days,"Dongguan, Guangdong, China",LaySun,Guangzhou / Shenzhen,Bank wire transfer (T/T); other methods confirmed in writing,Individual export carton with foam padding; custom branding available,https://laysun.co/images/prod-bougainvillea-pink.webp,https://laysun.co/artificial-flowering-trees,"artificial pink bougainvillea tree, fake bougainvillea indoor, tropical artificial tree, resort bougainvillea"
LS-FLOWER-BOUG-PINK-7FT,Commercial Artificial Pink Bougainvillea Tree – 7 ft,Artificial Plant & Flower/Artificial Trees/Artificial Flower Trees,Artificial Flowering Trees,"Vivid pink bougainvillea tree for outdoor-feel commercial interiors, resort pools, restaurant terraces and tropical-themed retail displays. UV-stabilised version available.",7 ft,"Silk pink bougainvillea bracts, steel wire trunk with vine texture, planter base","Special-order options for select products: NFPA 701, EN 13501, GB 8624 B1; confirm availability for the product and order",65.00,52.00,40.00,1,2000 pcs/month,15–25 days,"Dongguan, Guangdong, China",LaySun,Guangzhou / Shenzhen,Bank wire transfer (T/T); other methods confirmed in writing,Individual export carton with foam padding; custom branding available,https://laysun.co/images/prod-bougainvillea-pink.webp,https://laysun.co/artificial-flowering-trees,"artificial pink bougainvillea tree, fake bougainvillea indoor, tropical artificial tree, resort bougainvillea"
LS-FLOWER-CHERRY-PINK-4FT,Commercial Artificial Pink Cherry Blossom Tree – 4 ft,Artificial Plant & Flower/Artificial Trees/Artificial Flower Trees,Artificial Flowering Trees,"Classic pink cherry blossom tree — the #1 event and retail flowering tree worldwide. Stunning in Japanese restaurant entrances, hotel lobbies for seasonal display and wedding venue design.",4 ft,"Silk/polyester pink cherry blossom blooms, twisted branch wire frame, planter base","Special-order options for select products: NFPA 701, EN 13501, GB 8624 B1; confirm availability for the product and order",55.00,44.00,34.00,1,2000 pcs/month,15–25 days,"Dongguan, Guangdong, China",LaySun,Guangzhou / Shenzhen,Bank wire transfer (T/T); other methods confirmed in writing,Individual export carton with foam padding; custom branding available,https://laysun.co/images/prod-cherry-pink.webp,https://laysun.co/artificial-flowering-trees,"artificial pink cherry blossom tree, fake sakura tree, wedding cherry blossom tree, Japanese restaurant tree"
LS-FLOWER-CHERRY-PINK-5FT,Commercial Artificial Pink Cherry Blossom Tree – 5 ft,Artificial Plant & Flower/Artificial Trees/Artificial Flower Trees,Artificial Flowering Trees,"Classic pink cherry blossom tree — the #1 event and retail flowering tree worldwide. Stunning in Japanese restaurant entrances, hotel lobbies for seasonal display and wedding venue design.",5 ft,"Silk/polyester pink cherry blossom blooms, twisted branch wire frame, planter base","Special-order options for select products: NFPA 701, EN 13501, GB 8624 B1; confirm availability for the product and order",55.00,44.00,34.00,1,2000 pcs/month,15–25 days,"Dongguan, Guangdong, China",LaySun,Guangzhou / Shenzhen,Bank wire transfer (T/T); other methods confirmed in writing,Individual export carton with foam padding; custom branding available,https://laysun.co/images/prod-cherry-pink.webp,https://laysun.co/artificial-flowering-trees,"artificial pink cherry blossom tree, fake sakura tree, wedding cherry blossom tree, Japanese restaurant tree"
LS-FLOWER-CHERRY-PINK-6FT,Commercial Artificial Pink Cherry Blossom Tree – 6 ft,Artificial Plant & Flower/Artificial Trees/Artificial Flower Trees,Artificial Flowering Trees,"Classic pink cherry blossom tree — the #1 event and retail flowering tree worldwide. Stunning in Japanese restaurant entrances, hotel lobbies for seasonal display and wedding venue design.",6 ft,"Silk/polyester pink cherry blossom blooms, twisted branch wire frame, planter base","Special-order options for select products: NFPA 701, EN 13501, GB 8624 B1; confirm availability for the product and order",55.00,44.00,34.00,1,2000 pcs/month,15–25 days,"Dongguan, Guangdong, China",LaySun,Guangzhou / Shenzhen,Bank wire transfer (T/T); other methods confirmed in writing,Individual export carton with foam padding; custom branding available,https://laysun.co/images/prod-cherry-pink.webp,https://laysun.co/artificial-flowering-trees,"artificial pink cherry blossom tree, fake sakura tree, wedding cherry blossom tree, Japanese restaurant tree"
LS-FLOWER-CHERRY-WHITE-5FT,Commercial Artificial White Cherry Blossom Tree – 5 ft,Artificial Plant & Flower/Artificial Trees/Artificial Flower Trees,Artificial Flowering Trees,"Pure white cherry blossom tree — an elegant neutral-toned choice for luxury hotel lobbies, bridal events, minimalist retail and any interior requiring understated floral impact.",5 ft,"Silk/polyester white cherry blossom blooms, twisted branch wire frame, planter base","Special-order options for select products: NFPA 701, EN 13501, GB 8624 B1; confirm availability for the product and order",55.00,44.00,34.00,1,2000 pcs/month,15–25 days,"Dongguan, Guangdong, China",LaySun,Guangzhou / Shenzhen,Bank wire transfer (T/T); other methods confirmed in writing,Individual export carton with foam padding; custom branding available,https://laysun.co/images/prod-cherry-white.webp,https://laysun.co/artificial-flowering-trees,"artificial white cherry blossom tree, white sakura tree fake, bridal tree artificial, elegant flower tree commercial"
LS-FLOWER-CHERRY-WHITE-6FT,Commercial Artificial White Cherry Blossom Tree – 6 ft,Artificial Plant & Flower/Artificial Trees/Artificial Flower Trees,Artificial Flowering Trees,"Pure white cherry blossom tree — an elegant neutral-toned choice for luxury hotel lobbies, bridal events, minimalist retail and any interior requiring understated floral impact.",6 ft,"Silk/polyester white cherry blossom blooms, twisted branch wire frame, planter base","Special-order options for select products: NFPA 701, EN 13501, GB 8624 B1; confirm availability for the product and order",55.00,44.00,34.00,1,2000 pcs/month,15–25 days,"Dongguan, Guangdong, China",LaySun,Guangzhou / Shenzhen,Bank wire transfer (T/T); other methods confirmed in writing,Individual export carton with foam padding; custom branding available,https://laysun.co/images/prod-cherry-white.webp,https://laysun.co/artificial-flowering-trees,"artificial white cherry blossom tree, white sakura tree fake, bridal tree artificial, elegant flower tree commercial"
LS-FLOWER-CHERRY-RED-5FT,Commercial Artificial Red Cherry Blossom Tree – 5 ft,Artificial Plant & Flower/Artificial Trees/Artificial Flower Trees,Artificial Flowering Trees,"Dramatic deep-red cherry blossom tree — bold and striking for hotel event spaces, Asian-theme restaurant design, CNY display and luxury retail.",5 ft,"Silk/polyester deep red cherry blossom blooms, twisted branch wire frame, planter base","Special-order options for select products: NFPA 701, EN 13501, GB 8624 B1; confirm availability for the product and order",55.00,44.00,34.00,1,2000 pcs/month,15–25 days,"Dongguan, Guangdong, China",LaySun,Guangzhou / Shenzhen,Bank wire transfer (T/T); other methods confirmed in writing,Individual export carton with foam padding; custom branding available,https://laysun.co/images/prod-cherry-red.webp,https://laysun.co/artificial-flowering-trees,"artificial red cherry blossom tree, deep red sakura tree fake, Chinese New Year tree, bold flower tree commercial"
LS-FLOWER-CHERRY-RED-6FT,Commercial Artificial Red Cherry Blossom Tree – 6 ft,Artificial Plant & Flower/Artificial Trees/Artificial Flower Trees,Artificial Flowering Trees,"Dramatic deep-red cherry blossom tree — bold and striking for hotel event spaces, Asian-theme restaurant design, CNY display and luxury retail.",6 ft,"Silk/polyester deep red cherry blossom blooms, twisted branch wire frame, planter base","Special-order options for select products: NFPA 701, EN 13501, GB 8624 B1; confirm availability for the product and order",55.00,44.00,34.00,1,2000 pcs/month,15–25 days,"Dongguan, Guangdong, China",LaySun,Guangzhou / Shenzhen,Bank wire transfer (T/T); other methods confirmed in writing,Individual export carton with foam padding; custom branding available,https://laysun.co/images/prod-cherry-red.webp,https://laysun.co/artificial-flowering-trees,"artificial red cherry blossom tree, deep red sakura tree fake, Chinese New Year tree, bold flower tree commercial"
LS-DRACAENA-TWO-TRUNK-4FT,Commercial Artificial Two-trunk Dracaena – 4 ft,Artificial Plant & Flower/Artificial Trees/Artificial Dracaena Trees,Artificial Dracaena Trees,"Two-trunk Dracaena with layered foliage for offices, reception areas, hospitality interiors and commercial planters. Product details, pricing and any special-order fire-rating option are confirmed with the quote.",4 ft,"Synthetic foliage, wire-reinforced branches, dual trunk structure and planter base; configuration varies by size","Special-order options for select products: NFPA 701, EN 13501, GB 8624 B1; confirm availability for the product and order",,,,1,2000 pcs/month,Confirm with quote,"Dongguan, Guangdong, China",LaySun,Guangzhou / Shenzhen,Bank wire transfer (T/T); other methods confirmed in writing,Individual export carton with foam padding; custom branding available,https://laysun.co/images/prod-dracaena-two-trunk.webp,https://laysun.co/products,"artificial two trunk dracaena, commercial dracaena tree, office artificial plant, hotel dracaena"
LS-DRACAENA-TWO-TRUNK-6FT,Commercial Artificial Two-trunk Dracaena – 6 ft,Artificial Plant & Flower/Artificial Trees/Artificial Dracaena Trees,Artificial Dracaena Trees,"Two-trunk Dracaena with layered foliage for offices, reception areas, hospitality interiors and commercial planters. Product details, pricing and any special-order fire-rating option are confirmed with the quote.",6 ft,"Synthetic foliage, wire-reinforced branches, dual trunk structure and planter base; configuration varies by size","Special-order options for select products: NFPA 701, EN 13501, GB 8624 B1; confirm availability for the product and order",,,,1,2000 pcs/month,Confirm with quote,"Dongguan, Guangdong, China",LaySun,Guangzhou / Shenzhen,Bank wire transfer (T/T); other methods confirmed in writing,Individual export carton with foam padding; custom branding available,https://laysun.co/images/prod-dracaena-two-trunk.webp,https://laysun.co/products,"artificial two trunk dracaena, commercial dracaena tree, office artificial plant, hotel dracaena"
LS-DRACAENA-LARGE-LEAF-5FT,Commercial Artificial Large-leaf Dracaena – 5 ft,Artificial Plant & Flower/Artificial Trees/Artificial Dracaena Trees,Artificial Dracaena Trees,"Large-leaf Dracaena designed to provide broad tropical foliage in hotel, restaurant, retail and workplace interiors. Product details, pricing and any special-order fire-rating option are confirmed with the quote.",5 ft,"Large synthetic foliage, wire-reinforced branches, trunk structure and planter base; configuration varies by size","Special-order options for select products: NFPA 701, EN 13501, GB 8624 B1; confirm availability for the product and order",,,,1,2000 pcs/month,Confirm with quote,"Dongguan, Guangdong, China",LaySun,Guangzhou / Shenzhen,Bank wire transfer (T/T); other methods confirmed in writing,Individual export carton with foam padding; custom branding available,https://laysun.co/images/prod-dracaena-large-leaf.webp,https://laysun.co/products,"artificial large leaf dracaena, tropical artificial tree, commercial indoor plant, hotel dracaena"
LS-DRACAENA-LARGE-LEAF-6FT,Commercial Artificial Large-leaf Dracaena – 6 ft,Artificial Plant & Flower/Artificial Trees/Artificial Dracaena Trees,Artificial Dracaena Trees,"Large-leaf Dracaena designed to provide broad tropical foliage in hotel, restaurant, retail and workplace interiors. Product details, pricing and any special-order fire-rating option are confirmed with the quote.",6 ft,"Large synthetic foliage, wire-reinforced branches, trunk structure and planter base; configuration varies by size","Special-order options for select products: NFPA 701, EN 13501, GB 8624 B1; confirm availability for the product and order",,,,1,2000 pcs/month,Confirm with quote,"Dongguan, Guangdong, China",LaySun,Guangzhou / Shenzhen,Bank wire transfer (T/T); other methods confirmed in writing,Individual export carton with foam padding; custom branding available,https://laysun.co/images/prod-dracaena-large-leaf.webp,https://laysun.co/products,"artificial large leaf dracaena, tropical artificial tree, commercial indoor plant, hotel dracaena"
LS-DRACAENA-LARGE-LEAF-7FT,Commercial Artificial Large-leaf Dracaena – 7 ft,Artificial Plant & Flower/Artificial Trees/Artificial Dracaena Trees,Artificial Dracaena Trees,"Large-leaf Dracaena designed to provide broad tropical foliage in hotel, restaurant, retail and workplace interiors. Product details, pricing and any special-order fire-rating option are confirmed with the quote.",7 ft,"Large synthetic foliage, wire-reinforced branches, trunk structure and planter base; configuration varies by size","Special-order options for select products: NFPA 701, EN 13501, GB 8624 B1; confirm availability for the product and order",,,,1,2000 pcs/month,Confirm with quote,"Dongguan, Guangdong, China",LaySun,Guangzhou / Shenzhen,Bank wire transfer (T/T); other methods confirmed in writing,Individual export carton with foam padding; custom branding available,https://laysun.co/images/prod-dracaena-large-leaf.webp,https://laysun.co/products,"artificial large leaf dracaena, tropical artificial tree, commercial indoor plant, hotel dracaena"
LS-DRACAENA-MULTI-TRUNK-5FT,Commercial Artificial Multi-trunk Dracaena – 5 ft,Artificial Plant & Flower/Artificial Trees/Artificial Dracaena Trees,Artificial Dracaena Trees,"Multi-trunk Dracaena with a full, layered silhouette for reception spaces, offices and hospitality projects. Product details, pricing and any special-order fire-rating option are confirmed with the quote.",5 ft,"Synthetic foliage, wire-reinforced branches, multi-trunk structure and planter base; configuration varies by size","Special-order options for select products: NFPA 701, EN 13501, GB 8624 B1; confirm availability for the product and order",,,,1,2000 pcs/month,Confirm with quote,"Dongguan, Guangdong, China",LaySun,Guangzhou / Shenzhen,Bank wire transfer (T/T); other methods confirmed in writing,Individual export carton with foam padding; custom branding available,https://laysun.co/images/prod-dracaena-multi-trunk.webp,https://laysun.co/products,"artificial multi trunk dracaena, commercial dracaena plant, office artificial tree, hospitality plant"
LS-DRACAENA-MULTI-TRUNK-5-5FT,Commercial Artificial Multi-trunk Dracaena – 5.5 ft,Artificial Plant & Flower/Artificial Trees/Artificial Dracaena Trees,Artificial Dracaena Trees,"Multi-trunk Dracaena with a full, layered silhouette for reception spaces, offices and hospitality projects. Product details, pricing and any special-order fire-rating option are confirmed with the quote.",5.5 ft,"Synthetic foliage, wire-reinforced branches, multi-trunk structure and planter base; configuration varies by size","Special-order options for select products: NFPA 701, EN 13501, GB 8624 B1; confirm availability for the product and order",,,,1,2000 pcs/month,Confirm with quote,"Dongguan, Guangdong, China",LaySun,Guangzhou / Shenzhen,Bank wire transfer (T/T); other methods confirmed in writing,Individual export carton with foam padding; custom branding available,https://laysun.co/images/prod-dracaena-multi-trunk.webp,https://laysun.co/products,"artificial multi trunk dracaena, commercial dracaena plant, office artificial tree, hospitality plant"
LS-SPECIALTY-LEMON-4FT,Commercial Artificial Lemon Tree – 4 ft,Artificial Plant & Flower/Artificial Trees/Other Artificial Trees,Specialty Artificial Trees & Plants,"Artificial lemon tree for restaurants, retail displays, hospitality interiors and Mediterranean-inspired projects. Product details, pricing and any special-order fire-rating option are confirmed with the quote.",4 ft,"Synthetic foliage and fruit, wire-reinforced branches, trunk and planter base; configuration varies by size","Special-order options for select products: NFPA 701, EN 13501, GB 8624 B1; confirm availability for the product and order",,,,1,2000 pcs/month,Confirm with quote,"Dongguan, Guangdong, China",LaySun,Guangzhou / Shenzhen,Bank wire transfer (T/T); other methods confirmed in writing,Individual export carton with foam padding; custom branding available,https://laysun.co/images/prod-other-lemon.webp,https://laysun.co/products,"artificial lemon tree, fake fruit tree, restaurant decor tree, commercial lemon tree"
LS-SPECIALTY-LEMON-5FT,Commercial Artificial Lemon Tree – 5 ft,Artificial Plant & Flower/Artificial Trees/Other Artificial Trees,Specialty Artificial Trees & Plants,"Artificial lemon tree for restaurants, retail displays, hospitality interiors and Mediterranean-inspired projects. Product details, pricing and any special-order fire-rating option are confirmed with the quote.",5 ft,"Synthetic foliage and fruit, wire-reinforced branches, trunk and planter base; configuration varies by size","Special-order options for select products: NFPA 701, EN 13501, GB 8624 B1; confirm availability for the product and order",,,,1,2000 pcs/month,Confirm with quote,"Dongguan, Guangdong, China",LaySun,Guangzhou / Shenzhen,Bank wire transfer (T/T); other methods confirmed in writing,Individual export carton with foam padding; custom branding available,https://laysun.co/images/prod-other-lemon.webp,https://laysun.co/products,"artificial lemon tree, fake fruit tree, restaurant decor tree, commercial lemon tree"
LS-SPECIALTY-APPLE-5FT,Commercial Artificial Apple Tree – 5 ft,Artificial Plant & Flower/Artificial Trees/Other Artificial Trees,Specialty Artificial Trees & Plants,"Artificial apple tree for retail, foodservice, event and themed commercial interiors. Product details, pricing and any special-order fire-rating option are confirmed with the quote.",5 ft,"Synthetic foliage and fruit, wire-reinforced branches, trunk and planter base; configuration varies by size","Special-order options for select products: NFPA 701, EN 13501, GB 8624 B1; confirm availability for the product and order",,,,1,2000 pcs/month,Confirm with quote,"Dongguan, Guangdong, China",LaySun,Guangzhou / Shenzhen,Bank wire transfer (T/T); other methods confirmed in writing,Individual export carton with foam padding; custom branding available,https://laysun.co/images/prod-other-apple.webp,https://laysun.co/products,"artificial apple tree, fake fruit tree, retail display tree, commercial apple tree"
LS-SPECIALTY-APPLE-6FT,Commercial Artificial Apple Tree – 6 ft,Artificial Plant & Flower/Artificial Trees/Other Artificial Trees,Specialty Artificial Trees & Plants,"Artificial apple tree for retail, foodservice, event and themed commercial interiors. Product details, pricing and any special-order fire-rating option are confirmed with the quote.",6 ft,"Synthetic foliage and fruit, wire-reinforced branches, trunk and planter base; configuration varies by size","Special-order options for select products: NFPA 701, EN 13501, GB 8624 B1; confirm availability for the product and order",,,,1,2000 pcs/month,Confirm with quote,"Dongguan, Guangdong, China",LaySun,Guangzhou / Shenzhen,Bank wire transfer (T/T); other methods confirmed in writing,Individual export carton with foam padding; custom branding available,https://laysun.co/images/prod-other-apple.webp,https://laysun.co/products,"artificial apple tree, fake fruit tree, retail display tree, commercial apple tree"
LS-SPECIALTY-MONEY-SPIRAL-4FT,Commercial Artificial Spiral Trunk Money Tree – 4 ft,Artificial Plant & Flower/Artificial Trees/Other Artificial Trees,Specialty Artificial Trees & Plants,"Spiral trunk money tree for offices, reception desks, hotel rooms and compact commercial interiors. Product details, pricing and any special-order fire-rating option are confirmed with the quote.",4 ft,"Synthetic foliage, spiral trunk structure and planter base; configuration confirmed with quote","Special-order options for select products: NFPA 701, EN 13501, GB 8624 B1; confirm availability for the product and order",,,,1,2000 pcs/month,Confirm with quote,"Dongguan, Guangdong, China",LaySun,Guangzhou / Shenzhen,Bank wire transfer (T/T); other methods confirmed in writing,Individual export carton with foam padding; custom branding available,https://laysun.co/images/prod-other-money-spiral.webp,https://laysun.co/products,"artificial money tree, spiral trunk money tree, office artificial plant, commercial pachira"
LS-SPECIALTY-MONEY-MULTI-4FT,Commercial Artificial Multi-branch Money Tree – 4 ft,Artificial Plant & Flower/Artificial Trees/Other Artificial Trees,Specialty Artificial Trees & Plants,"Full multi-branch money tree for offices, hospitality spaces and commercial planters. Product details, pricing and any special-order fire-rating option are confirmed with the quote.",4 ft,"Synthetic foliage, wire-reinforced multi-branch structure, trunk and planter base; configuration confirmed with quote","Special-order options for select products: NFPA 701, EN 13501, GB 8624 B1; confirm availability for the product and order",,,,1,2000 pcs/month,Confirm with quote,"Dongguan, Guangdong, China",LaySun,Guangzhou / Shenzhen,Bank wire transfer (T/T); other methods confirmed in writing,Individual export carton with foam padding; custom branding available,https://laysun.co/images/prod-other-money-multi.webp,https://laysun.co/products,"artificial money tree, multi branch money tree, office artificial tree, commercial pachira"
LS-SPECIALTY-MAPLE-GREEN-6FT,Commercial Artificial Green Maple Tree – 6 ft,Artificial Plant & Flower/Artificial Trees/Other Artificial Trees,Specialty Artificial Trees & Plants,"Green maple tree for hospitality, retail, restaurant and seasonal commercial installations. Product details, pricing and any special-order fire-rating option are confirmed with the quote.",6 ft,"Synthetic green maple foliage, wire-reinforced branches, trunk and planter base; configuration confirmed with quote","Special-order options for select products: NFPA 701, EN 13501, GB 8624 B1; confirm availability for the product and order",,,,1,2000 pcs/month,Confirm with quote,"Dongguan, Guangdong, China",LaySun,Guangzhou / Shenzhen,Bank wire transfer (T/T); other methods confirmed in writing,Individual export carton with foam padding; custom branding available,https://laysun.co/images/prod-other-maple-green.webp,https://laysun.co/products,"artificial green maple tree, fake maple tree, commercial maple tree, hospitality decor tree"
LS-SPECIALTY-MAPLE-AUTUMN-6FT,Commercial Artificial Autumn Yellow Maple Tree – 6 ft,Artificial Plant & Flower/Artificial Trees/Other Artificial Trees,Specialty Artificial Trees & Plants,"Autumn yellow maple tree for seasonal displays, hospitality, retail and event environments. Product details, pricing and any special-order fire-rating option are confirmed with the quote.",6 ft,"Synthetic autumn-yellow maple foliage, wire-reinforced branches, trunk and planter base; configuration confirmed with quote","Special-order options for select products: NFPA 701, EN 13501, GB 8624 B1; confirm availability for the product and order",,,,1,2000 pcs/month,Confirm with quote,"Dongguan, Guangdong, China",LaySun,Guangzhou / Shenzhen,Bank wire transfer (T/T); other methods confirmed in writing,Individual export carton with foam padding; custom branding available,https://laysun.co/images/prod-other-maple-yellow.webp,https://laysun.co/products,"artificial autumn maple tree, yellow maple tree, seasonal display tree, commercial maple tree"
LS-SPECIALTY-ANDROMEDA-2-5FT,Commercial Artificial Andromeda (Pieris) – 2.5 ft,Artificial Plant & Flower/Artificial Trees/Other Artificial Trees,Specialty Artificial Trees & Plants,"Artificial Andromeda, also known as Pieris, for layered commercial planters, reception areas and hospitality interiors. Product details, pricing and any special-order fire-rating option are confirmed with the quote.",2.5 ft,"Synthetic Pieris foliage, wire-reinforced branches, trunk and planter base; configuration varies by size","Special-order options for select products: NFPA 701, EN 13501, GB 8624 B1; confirm availability for the product and order",,,,1,2000 pcs/month,Confirm with quote,"Dongguan, Guangdong, China",LaySun,Guangzhou / Shenzhen,Bank wire transfer (T/T); other methods confirmed in writing,Individual export carton with foam padding; custom branding available,https://laysun.co/images/prod-other-andromeda.webp,https://laysun.co/products,"artificial andromeda, artificial pieris, commercial shrub tree, hospitality artificial plant"
LS-SPECIALTY-ANDROMEDA-3FT,Commercial Artificial Andromeda (Pieris) – 3 ft,Artificial Plant & Flower/Artificial Trees/Other Artificial Trees,Specialty Artificial Trees & Plants,"Artificial Andromeda, also known as Pieris, for layered commercial planters, reception areas and hospitality interiors. Product details, pricing and any special-order fire-rating option are confirmed with the quote.",3 ft,"Synthetic Pieris foliage, wire-reinforced branches, trunk and planter base; configuration varies by size","Special-order options for select products: NFPA 701, EN 13501, GB 8624 B1; confirm availability for the product and order",,,,1,2000 pcs/month,Confirm with quote,"Dongguan, Guangdong, China",LaySun,Guangzhou / Shenzhen,Bank wire transfer (T/T); other methods confirmed in writing,Individual export carton with foam padding; custom branding available,https://laysun.co/images/prod-other-andromeda.webp,https://laysun.co/products,"artificial andromeda, artificial pieris, commercial shrub tree, hospitality artificial plant"
LS-SPECIALTY-ANDROMEDA-3-5FT,Commercial Artificial Andromeda (Pieris) – 3.5 ft,Artificial Plant & Flower/Artificial Trees/Other Artificial Trees,Specialty Artificial Trees & Plants,"Artificial Andromeda, also known as Pieris, for layered commercial planters, reception areas and hospitality interiors. Product details, pricing and any special-order fire-rating option are confirmed with the quote.",3.5 ft,"Synthetic Pieris foliage, wire-reinforced branches, trunk and planter base; configuration varies by size","Special-order options for select products: NFPA 701, EN 13501, GB 8624 B1; confirm availability for the product and order",,,,1,2000 pcs/month,Confirm with quote,"Dongguan, Guangdong, China",LaySun,Guangzhou / Shenzhen,Bank wire transfer (T/T); other methods confirmed in writing,Individual export carton with foam padding; custom branding available,https://laysun.co/images/prod-other-andromeda.webp,https://laysun.co/products,"artificial andromeda, artificial pieris, commercial shrub tree, hospitality artificial plant"
LS-SPECIALTY-ANDROMEDA-5FT,Commercial Artificial Andromeda (Pieris) – 5 ft,Artificial Plant & Flower/Artificial Trees/Other Artificial Trees,Specialty Artificial Trees & Plants,"Artificial Andromeda, also known as Pieris, for layered commercial planters, reception areas and hospitality interiors. Product details, pricing and any special-order fire-rating option are confirmed with the quote.",5 ft,"Synthetic Pieris foliage, wire-reinforced branches, trunk and planter base; configuration varies by size","Special-order options for select products: NFPA 701, EN 13501, GB 8624 B1; confirm availability for the product and order",,,,1,2000 pcs/month,Confirm with quote,"Dongguan, Guangdong, China",LaySun,Guangzhou / Shenzhen,Bank wire transfer (T/T); other methods confirmed in writing,Individual export carton with foam padding; custom branding available,https://laysun.co/images/prod-other-andromeda.webp,https://laysun.co/products,"artificial andromeda, artificial pieris, commercial shrub tree, hospitality artificial plant"
LS-SPECIALTY-EUCALYPTUS-6FT,Commercial Artificial Eucalyptus Tree – 6 ft,Artificial Plant & Flower/Artificial Trees/Other Artificial Trees,Specialty Artificial Trees & Plants,"Artificial eucalyptus tree with a light, open canopy for offices, hospitality and contemporary retail interiors. Product details, pricing and any special-order fire-rating option are confirmed with the quote.",6 ft,"Synthetic eucalyptus foliage, wire-reinforced branches, trunk and planter base; configuration confirmed with quote","Special-order options for select products: NFPA 701, EN 13501, GB 8624 B1; confirm availability for the product and order",,,,1,2000 pcs/month,Confirm with quote,"Dongguan, Guangdong, China",LaySun,Guangzhou / Shenzhen,Bank wire transfer (T/T); other methods confirmed in writing,Individual export carton with foam padding; custom branding available,https://laysun.co/images/prod-other-eucalyptus.webp,https://laysun.co/products,"artificial eucalyptus tree, commercial eucalyptus, office artificial tree, hotel eucalyptus tree"
LS-SPECIALTY-TRAVELERS-PALM-5FT,Commercial Artificial Traveler's Palm – 5 ft,Artificial Plant & Flower/Artificial Trees/Other Artificial Trees,Specialty Artificial Trees & Plants,"Artificial Traveler's Palm for tropical hospitality, restaurant, spa and retail interiors. Product details, pricing and any special-order fire-rating option are confirmed with the quote.",5 ft,"Broad synthetic foliage, wire-reinforced stems and planter base; configuration confirmed with quote","Special-order options for select products: NFPA 701, EN 13501, GB 8624 B1; confirm availability for the product and order",,,,1,2000 pcs/month,Confirm with quote,"Dongguan, Guangdong, China",LaySun,Guangzhou / Shenzhen,Bank wire transfer (T/T); other methods confirmed in writing,Individual export carton with foam padding; custom branding available,https://laysun.co/images/prod-other-travelers-palm.webp,https://laysun.co/products,"artificial traveler's palm, tropical artificial plant, hotel palm plant, commercial tropical plant"
LS-SPECIALTY-CANNA-4FT,Commercial Artificial Canna (Indian Shot) – 4 ft,Artificial Plant & Flower/Artificial Trees/Other Artificial Trees,Specialty Artificial Trees & Plants,"Artificial Canna, also known as Indian Shot, for tropical planters, hospitality and commercial interiors. Product details, pricing and any special-order fire-rating option are confirmed with the quote.",4 ft,"Synthetic Canna foliage and blooms, wire-reinforced stems and planter base; configuration varies by size","Special-order options for select products: NFPA 701, EN 13501, GB 8624 B1; confirm availability for the product and order",,,,1,2000 pcs/month,Confirm with quote,"Dongguan, Guangdong, China",LaySun,Guangzhou / Shenzhen,Bank wire transfer (T/T); other methods confirmed in writing,Individual export carton with foam padding; custom branding available,https://laysun.co/images/prod-other-canna.webp,https://laysun.co/products,"artificial canna plant, artificial Indian shot, tropical commercial plant, hotel planter foliage"
LS-SPECIALTY-CANNA-6FT,Commercial Artificial Canna (Indian Shot) – 6 ft,Artificial Plant & Flower/Artificial Trees/Other Artificial Trees,Specialty Artificial Trees & Plants,"Artificial Canna, also known as Indian Shot, for tropical planters, hospitality and commercial interiors. Product details, pricing and any special-order fire-rating option are confirmed with the quote.",6 ft,"Synthetic Canna foliage and blooms, wire-reinforced stems and planter base; configuration varies by size","Special-order options for select products: NFPA 701, EN 13501, GB 8624 B1; confirm availability for the product and order",,,,1,2000 pcs/month,Confirm with quote,"Dongguan, Guangdong, China",LaySun,Guangzhou / Shenzhen,Bank wire transfer (T/T); other methods confirmed in writing,Individual export carton with foam padding; custom branding available,https://laysun.co/images/prod-other-canna.webp,https://laysun.co/products,"artificial canna plant, artificial Indian shot, tropical commercial plant, hotel planter foliage"
LS-SPECIALTY-BEGONIA-6FT,Commercial Artificial Begonia Flowering Tree – 6 ft,Artificial Plant & Flower/Artificial Trees/Other Artificial Trees,Specialty Artificial Trees & Plants,"Begonia flowering tree for hospitality, retail, events and colorful commercial interiors. Product details, pricing and any special-order fire-rating option are confirmed with the quote.",6 ft,"Synthetic Begonia foliage and blooms, wire-reinforced branches, trunk and planter base; configuration varies by size","Special-order options for select products: NFPA 701, EN 13501, GB 8624 B1; confirm availability for the product and order",,,,1,2000 pcs/month,Confirm with quote,"Dongguan, Guangdong, China",LaySun,Guangzhou / Shenzhen,Bank wire transfer (T/T); other methods confirmed in writing,Individual export carton with foam padding; custom branding available,https://laysun.co/images/prod-other-begonia.webp,https://laysun.co/products,"artificial begonia tree, flowering commercial tree, hotel flower tree, event artificial tree"
LS-SPECIALTY-BEGONIA-7FT,Commercial Artificial Begonia Flowering Tree – 7 ft,Artificial Plant & Flower/Artificial Trees/Other Artificial Trees,Specialty Artificial Trees & Plants,"Begonia flowering tree for hospitality, retail, events and colorful commercial interiors. Product details, pricing and any special-order fire-rating option are confirmed with the quote.",7 ft,"Synthetic Begonia foliage and blooms, wire-reinforced branches, trunk and planter base; configuration varies by size","Special-order options for select products: NFPA 701, EN 13501, GB 8624 B1; confirm availability for the product and order",,,,1,2000 pcs/month,Confirm with quote,"Dongguan, Guangdong, China",LaySun,Guangzhou / Shenzhen,Bank wire transfer (T/T); other methods confirmed in writing,Individual export carton with foam padding; custom branding available,https://laysun.co/images/prod-other-begonia.webp,https://laysun.co/products,"artificial begonia tree, flowering commercial tree, hotel flower tree, event artificial tree"
LS-SPECIALTY-SPIDER-3FT,Commercial Artificial Hanging Spider Plant Tree – 3 ft,Artificial Plant & Flower/Artificial Trees/Other Artificial Trees,Specialty Artificial Trees & Plants,"Hanging spider plant tree with cascading foliage for layered planters, reception areas and hospitality interiors. Product details, pricing and any special-order fire-rating option are confirmed with the quote.",3 ft,"Synthetic trailing spider-plant foliage, wire-reinforced structure, trunk and planter base; configuration varies by size","Special-order options for select products: NFPA 701, EN 13501, GB 8624 B1; confirm availability for the product and order",,,,1,2000 pcs/month,Confirm with quote,"Dongguan, Guangdong, China",LaySun,Guangzhou / Shenzhen,Bank wire transfer (T/T); other methods confirmed in writing,Individual export carton with foam padding; custom branding available,https://laysun.co/images/prod-other-spider-plant.webp,https://laysun.co/products,"artificial spider plant tree, hanging foliage tree, commercial planter plant, hospitality artificial plant"
LS-SPECIALTY-SPIDER-4FT,Commercial Artificial Hanging Spider Plant Tree – 4 ft,Artificial Plant & Flower/Artificial Trees/Other Artificial Trees,Specialty Artificial Trees & Plants,"Hanging spider plant tree with cascading foliage for layered planters, reception areas and hospitality interiors. Product details, pricing and any special-order fire-rating option are confirmed with the quote.",4 ft,"Synthetic trailing spider-plant foliage, wire-reinforced structure, trunk and planter base; configuration varies by size","Special-order options for select products: NFPA 701, EN 13501, GB 8624 B1; confirm availability for the product and order",,,,1,2000 pcs/month,Confirm with quote,"Dongguan, Guangdong, China",LaySun,Guangzhou / Shenzhen,Bank wire transfer (T/T); other methods confirmed in writing,Individual export carton with foam padding; custom branding available,https://laysun.co/images/prod-other-spider-plant.webp,https://laysun.co/products,"artificial spider plant tree, hanging foliage tree, commercial planter plant, hospitality artificial plant"
LS-SPECIALTY-SPIDER-5FT,Commercial Artificial Hanging Spider Plant Tree – 5 ft,Artificial Plant & Flower/Artificial Trees/Other Artificial Trees,Specialty Artificial Trees & Plants,"Hanging spider plant tree with cascading foliage for layered planters, reception areas and hospitality interiors. Product details, pricing and any special-order fire-rating option are confirmed with the quote.",5 ft,"Synthetic trailing spider-plant foliage, wire-reinforced structure, trunk and planter base; configuration varies by size","Special-order options for select products: NFPA 701, EN 13501, GB 8624 B1; confirm availability for the product and order",,,,1,2000 pcs/month,Confirm with quote,"Dongguan, Guangdong, China",LaySun,Guangzhou / Shenzhen,Bank wire transfer (T/T); other methods confirmed in writing,Individual export carton with foam padding; custom branding available,https://laysun.co/images/prod-other-spider-plant.webp,https://laysun.co/products,"artificial spider plant tree, hanging foliage tree, commercial planter plant, hospitality artificial plant"
LS-SPECIALTY-AGAPANTHUS-2-5FT,Commercial Artificial Agapanthus (Sword Lily) – 2.5 ft,Artificial Plant & Flower/Artificial Trees/Other Artificial Trees,Specialty Artificial Trees & Plants,"Artificial Agapanthus, also known as Sword Lily, for hospitality planters, reception areas and commercial interiors. Product details, pricing and any special-order fire-rating option are confirmed with the quote.",2.5 ft,"Synthetic Agapanthus foliage and blooms, wire-reinforced stems and planter base; configuration varies by size","Special-order options for select products: NFPA 701, EN 13501, GB 8624 B1; confirm availability for the product and order",,,,1,2000 pcs/month,Confirm with quote,"Dongguan, Guangdong, China",LaySun,Guangzhou / Shenzhen,Bank wire transfer (T/T); other methods confirmed in writing,Individual export carton with foam padding; custom branding available,https://laysun.co/images/prod-other-agapanthus.webp,https://laysun.co/products,"artificial agapanthus, artificial sword lily, commercial flowering plant, hotel planter plant"
LS-SPECIALTY-AGAPANTHUS-4FT,Commercial Artificial Agapanthus (Sword Lily) – 4 ft,Artificial Plant & Flower/Artificial Trees/Other Artificial Trees,Specialty Artificial Trees & Plants,"Artificial Agapanthus, also known as Sword Lily, for hospitality planters, reception areas and commercial interiors. Product details, pricing and any special-order fire-rating option are confirmed with the quote.",4 ft,"Synthetic Agapanthus foliage and blooms, wire-reinforced stems and planter base; configuration varies by size","Special-order options for select products: NFPA 701, EN 13501, GB 8624 B1; confirm availability for the product and order",,,,1,2000 pcs/month,Confirm with quote,"Dongguan, Guangdong, China",LaySun,Guangzhou / Shenzhen,Bank wire transfer (T/T); other methods confirmed in writing,Individual export carton with foam padding; custom branding available,https://laysun.co/images/prod-other-agapanthus.webp,https://laysun.co/products,"artificial agapanthus, artificial sword lily, commercial flowering plant, hotel planter plant"
LS-SPECIALTY-AGAPANTHUS-5FT,Commercial Artificial Agapanthus (Sword Lily) – 5 ft,Artificial Plant & Flower/Artificial Trees/Other Artificial Trees,Specialty Artificial Trees & Plants,"Artificial Agapanthus, also known as Sword Lily, for hospitality planters, reception areas and commercial interiors. Product details, pricing and any special-order fire-rating option are confirmed with the quote.",5 ft,"Synthetic Agapanthus foliage and blooms, wire-reinforced stems and planter base; configuration varies by size","Special-order options for select products: NFPA 701, EN 13501, GB 8624 B1; confirm availability for the product and order",,,,1,2000 pcs/month,Confirm with quote,"Dongguan, Guangdong, China",LaySun,Guangzhou / Shenzhen,Bank wire transfer (T/T); other methods confirmed in writing,Individual export carton with foam padding; custom branding available,https://laysun.co/images/prod-other-agapanthus.webp,https://laysun.co/products,"artificial agapanthus, artificial sword lily, commercial flowering plant, hotel planter plant"
LS-GW-MOSS-100X100CM-PANEL,Commercial Artificial Moss Green Wall Panel – 100x100cm Panel,Artificial Plant & Flower/Artificial Green Wall,Artificial Green Walls,"Dense reindeer-moss-look panel with a flat, uniform pile — a tactile, sound-softening feature wall for reception desks, boutique retail and meeting rooms. Maintenance-free PE moss on a trimmable backing; no light or irrigation required. A special-order NFPA 701 option is available for select configurations.",100x100cm Panel,PE moss pile on a trimmable interlocking panel backing; 100 × 100 cm modular panel,"Special-order options for select products: NFPA 701, EN 13501, GB 8624 B1; confirm availability for the product and order",28.00,22.00,17.00,1,2000 pcs/month,15–30 days,"Dongguan, Guangdong, China",LaySun,Guangzhou / Shenzhen,Bank wire transfer (T/T); other methods confirmed in writing,Individual export carton with foam padding; custom branding available,https://laysun.co/images/prod-greenwall-moss.webp,https://laysun.co/artificial-green-walls,"artificial moss wall, moss green wall panel, reindeer moss wall, acoustic moss panel, commercial moss wall"
LS-GW-WOODLAND-100X100CM-PANEL,Commercial Artificial Woodland Greens Living Wall – 100x100cm Panel,Artificial Plant & Flower/Artificial Green Wall,Artificial Green Walls,"Layered woodland foliage mix — ferns, ivy and broadleaf greens — for a deep, natural living-wall look indoors or out. High-density premium panel for hotel lobbies, restaurant features and exterior courtyards. UV-stable and A special-order NFPA 701 option is available for select configurations.",100x100cm Panel,UV-stabilised PE & PVC mixed foliage on a trimmable interlocking grid; 100 × 100 cm modular panel,"Special-order options for select products: NFPA 701, EN 13501, GB 8624 B1; confirm availability for the product and order",40.00,32.00,25.00,1,2000 pcs/month,15–30 days,"Dongguan, Guangdong, China",LaySun,Guangzhou / Shenzhen,Bank wire transfer (T/T); other methods confirmed in writing,Individual export carton with foam padding; custom branding available,https://laysun.co/images/prod-greenwall-woodland.webp,https://laysun.co/artificial-green-walls,"artificial woodland green wall, mixed foliage living wall, fern ivy wall panel, outdoor green wall, commercial living wall"
LS-GW-VIBRANT-MEDLEY-100X100CM-PANEL,Commercial Artificial Vibrant Medley Green Wall – 100x100cm Panel,Artificial Plant & Flower/Artificial Green Wall,Artificial Green Walls,"Bright multi-tone foliage blend with varied leaf shapes for a fresh, energetic feature wall. Interlocking panels clip together to cover any area — ideal for cafés, gyms and creative offices. A special-order NFPA 701 option is available for select configurations.",100x100cm Panel,UV-stabilised PE & PVC mixed foliage on a trimmable interlocking grid; 100 × 100 cm modular panel,"Special-order options for select products: NFPA 701, EN 13501, GB 8624 B1; confirm availability for the product and order",48.00,38.00,30.00,1,2000 pcs/month,15–30 days,"Dongguan, Guangdong, China",LaySun,Guangzhou / Shenzhen,Bank wire transfer (T/T); other methods confirmed in writing,Individual export carton with foam padding; custom branding available,https://laysun.co/images/prod-greenwall-vibrant-medley.webp,https://laysun.co/artificial-green-walls,"vibrant artificial green wall, mixed foliage panel, café green wall, faux plant wall, commercial foliage panel"
LS-GW-GARDEN-FOLIAGE-100X100CM-PANEL,Commercial Artificial Garden Foliage Living Wall – 100x100cm Panel,Artificial Plant & Flower/Artificial Green Wall,Artificial Green Walls,"Classic garden-green foliage mat with a balanced mix of leaf textures — the versatile all-rounder for backdrops, planter tops and full wall coverage. Trim to fit and interlock for a seamless run. A special-order NFPA 701 option is available for select configurations.",100x100cm Panel,UV-stabilised PE foliage mat on a trimmable interlocking grid; 100 × 100 cm modular panel,"Special-order options for select products: NFPA 701, EN 13501, GB 8624 B1; confirm availability for the product and order",45.00,36.00,28.00,1,2000 pcs/month,15–30 days,"Dongguan, Guangdong, China",LaySun,Guangzhou / Shenzhen,Bank wire transfer (T/T); other methods confirmed in writing,Individual export carton with foam padding; custom branding available,https://laysun.co/images/prod-greenwall-garden-foliage.webp,https://laysun.co/artificial-green-walls,"artificial garden foliage wall, faux foliage mat, green wall panel, hedge mat panel, commercial foliage wall"
LS-GW-FERN-100X100CM-PANEL,Commercial Artificial Fern Foliage Living Wall – 100x100cm Panel,Artificial Plant & Flower/Artificial Green Wall,Artificial Green Walls,"Soft, layered fern fronds for a cool, shade-garden feel — popular for bathrooms, spas and humid-look interiors where live ferns struggle. Lightweight trimmable panels, no watering. A special-order NFPA 701 option is available for select configurations.",100x100cm Panel,UV-stabilised PE fern foliage on a trimmable interlocking grid; 100 × 100 cm modular panel,"Special-order options for select products: NFPA 701, EN 13501, GB 8624 B1; confirm availability for the product and order",40.00,32.00,25.00,1,2000 pcs/month,15–30 days,"Dongguan, Guangdong, China",LaySun,Guangzhou / Shenzhen,Bank wire transfer (T/T); other methods confirmed in writing,Individual export carton with foam padding; custom branding available,https://laysun.co/images/prod-greenwall-fern.webp,https://laysun.co/artificial-green-walls,"artificial fern wall, faux fern panel, fern green wall, spa green wall, commercial fern panel"
LS-GW-WILDFLOWER-100X100CM-PANEL,Commercial Artificial Wildflower Green Wall – 100x100cm Panel,Artificial Plant & Flower/Artificial Green Wall,Artificial Green Walls,"Foliage base scattered with mixed wildflower blooms for a meadow-inspired feature wall. A statement backdrop for event spaces, bridal suites, bars and retail windows. A special-order NFPA 701 option is available for select configurations.",100x100cm Panel,PE & silk foliage and blooms on a trimmable interlocking grid; 100 × 100 cm modular panel,"Special-order options for select products: NFPA 701, EN 13501, GB 8624 B1; confirm availability for the product and order",56.00,45.00,35.00,1,2000 pcs/month,15–30 days,"Dongguan, Guangdong, China",LaySun,Guangzhou / Shenzhen,Bank wire transfer (T/T); other methods confirmed in writing,Individual export carton with foam padding; custom branding available,https://laysun.co/images/prod-greenwall-wildflower.webp,https://laysun.co/artificial-green-walls,"artificial wildflower wall, flower green wall, floral feature wall, event backdrop wall, commercial flower panel"
LS-GW-MYSTIC-MEDLEY-100X100CM-PANEL,Commercial Artificial Mystic Medley Green Wall – 100x100cm Panel,Artificial Plant & Flower/Artificial Green Wall,Artificial Green Walls,"Deep, dramatic foliage mix with dark greens, burgundy tones and trailing accents for a moody, high-end feature wall. Premium dense panels for luxury hospitality and statement reception areas. A special-order NFPA 701 option is available for select configurations.",100x100cm Panel,UV-stabilised PE & PVC mixed foliage on a trimmable interlocking grid; 100 × 100 cm modular panel,"Special-order options for select products: NFPA 701, EN 13501, GB 8624 B1; confirm availability for the product and order",56.00,45.00,35.00,1,2000 pcs/month,15–30 days,"Dongguan, Guangdong, China",LaySun,Guangzhou / Shenzhen,Bank wire transfer (T/T); other methods confirmed in writing,Individual export carton with foam padding; custom branding available,https://laysun.co/images/prod-greenwall-mystic-medley.webp,https://laysun.co/artificial-green-walls,"mystic artificial green wall, dark foliage living wall, premium green wall panel, luxury feature wall, commercial foliage wall"
LS-GW-TROPICAL-100X100CM-PANEL,Commercial Artificial Tropical Living Wall – 100x100cm Panel,Artificial Plant & Flower/Artificial Green Wall,Artificial Green Walls,"Lush tropical leaf mix — monstera-style, palm and broadleaf foliage with red flowering accents — for a resort-feel feature wall indoors or on a covered terrace. UV-stable for bright and exterior settings. A special-order NFPA 701 option is available for select configurations.",100x100cm Panel,UV-stabilised PE & PVC tropical foliage on a trimmable interlocking grid; 100 × 100 cm modular panel,"Special-order options for select products: NFPA 701, EN 13501, GB 8624 B1; confirm availability for the product and order",56.00,45.00,35.00,1,2000 pcs/month,15–30 days,"Dongguan, Guangdong, China",LaySun,Guangzhou / Shenzhen,Bank wire transfer (T/T); other methods confirmed in writing,Individual export carton with foam padding; custom branding available,https://laysun.co/images/prod-greenwall-tropical.webp,https://laysun.co/artificial-green-walls,"artificial tropical green wall, tropical living wall, monstera leaf wall, resort green wall, outdoor foliage panel"
LS-GW-GALAXY-100X100CM-PANEL,Commercial Artificial Galaxy Living Wall – 100x100cm Panel,Artificial Plant & Flower/Artificial Green Wall,Artificial Green Walls,"Rich, full-coverage foliage blend with mixed greens and floral pops for a premium, deep-pile feature wall. A flagship panel for hotel lobbies, restaurant backdrops and luxury retail. A special-order NFPA 701 option is available for select configurations.",100x100cm Panel,UV-stabilised PE & PVC mixed foliage on a trimmable interlocking grid; 100 × 100 cm modular panel,"Special-order options for select products: NFPA 701, EN 13501, GB 8624 B1; confirm availability for the product and order",56.00,45.00,35.00,1,2000 pcs/month,15–30 days,"Dongguan, Guangdong, China",LaySun,Guangzhou / Shenzhen,Bank wire transfer (T/T); other methods confirmed in writing,Individual export carton with foam padding; custom branding available,https://laysun.co/images/prod-greenwall-galaxy.webp,https://laysun.co/artificial-green-walls,"galaxy artificial green wall, premium living wall, mixed foliage feature wall, hotel green wall, commercial living wall"
LS-GW-FOREST-GREENS-100X100CM-PANEL,Commercial Artificial Forest Greens Living Wall – 100x100cm Panel,Artificial Plant & Flower/Artificial Green Wall,Artificial Green Walls,"Cool forest-toned foliage mix of ferns and broadleaf greens for a natural, calming wall — equally at home indoors or in a shaded exterior courtyard. High-density UV-stable panels. A special-order NFPA 701 option is available for select configurations.",100x100cm Panel,UV-stabilised PE & PVC mixed foliage on a trimmable interlocking grid; 100 × 100 cm modular panel,"Special-order options for select products: NFPA 701, EN 13501, GB 8624 B1; confirm availability for the product and order",56.00,45.00,35.00,1,2000 pcs/month,15–30 days,"Dongguan, Guangdong, China",LaySun,Guangzhou / Shenzhen,Bank wire transfer (T/T); other methods confirmed in writing,Individual export carton with foam padding; custom branding available,https://laysun.co/images/prod-greenwall-forest-greens.webp,https://laysun.co/artificial-green-walls,"forest greens green wall, artificial forest living wall, fern broadleaf panel, outdoor green wall, commercial foliage wall"